https://courses.openedu.ru/courses/course-v1:spbstu+PHYLOS+fall_2018/courseware/0bd71bc4466b4fdba2e282efa76d6602/546cacb662514e9a88f37cc1de1dd1b1,27745.0,25413.0,26490.0,22837.0,22606.0,21580.0,12879.0,12103.0,12435.0,11624.0,11307.0,8535.0,7247.0,6606.0,6311.0,4939.0,4314.0,3888.0,3780.0,4378.0,3969.0,3227.0,3332.0,3363.0,3334.0,3168.0,3281.0,3188.0,2476.0,2494.0,2311.0,2076.0,1969.0,2278.0,1903.0,1694.0,1888.0,1475.0,1462.0,1900.0,1097.0,207.0,135.0,119.0,63.0,56.0,25.0,16.0,16.0,14.0,14.0,11.0,13.0,10.0,9.0,8.0,7.0,7.0,9.0,7.0,6.0,6.0,5.0,5.0,5.0,5.0,5.0,4.0,4.0,3.0,3.0,4.0,4.0,,,,,,,,,,,,,,,,,,,,,,,,,,,,,,,,,,,,,,,,,,,,,,,,,,,,,,,,,,,,,,,,,,,,,,,,,,,,,,,,,,,,,,,,,,,,
x_module,14663.0,13785.0,14620.0,12489.0,13250.0,11750.0,7617.0,6704.0,6440.0,6332.0,14284.0,4506.0,3954.0,3333.0,3347.0,2523.0,2215.0,1875.0,1761.0,2437.0,2508.0,1587.0,1813.0,1888.0,1783.0,1677.0,2082.0,1447.0,1550.0,1327.0,1136.0,1048.0,1271.0,1197.0,950.0,798.0,926.0,657.0,789.0,1551.0,603.0,175.0,161.0,60.0,90.0,21.0,15.0,,1.0,,,,198.0,2.0,4.0,1.0,1.0,,1367.0,,1.0,,,2.0,,12.0,1.0,,,,,2.0,,16557.0,12823.0,12743.0,11324.0,9390.0,9099.0,8546.0,8192.0,7819.0,7502.0,7221.0,7166.0,7153.0,6685.0,6314.0,6112.0,5999.0,5455.0,5403.0,5376.0,5296.0,4891.0,4814.0,4643.0,4488.0,4431.0,4285.0,4161.0,4141.0,4078.0,4009.0,3838.0,3788.0,3776.0,3745.0,3727.0,3437.0,3417.0,3290.0,3275.0,3273.0,3159.0,3149.0,3131.0,3078.0,3052.0,3025.0,2950.0,2868.0,2667.0,2643.0,2626.0,2468.0,2450.0,2343.0,2285.0,2237.0,2160.0,2160.0,2133.0,2085.0,2072.0,2057.0,2054.0,1912.0,1870.0,1867.0,1830.0,1727.0,1724.0,1667.0,1588.0,1553.0,1545.0,1423.0,1398.0,1384.0,1337.0,1295.0,1266.0,1214.0,1091.0,1052.0,1027.0,991.0,897.0,860.0,723.0,653.0,569.0,,
https://courses.openedu.ru/courses/course-v1:spbstu+PHYLOS+fall_2018/courseware/88cd2761424245c7b55d8995e71ab019/a74f542e9dcf4f9da341ac1fe6a7f4c6,259.0,117.0,296.0,125.0,159.0,70.0,229.0,210.0,1070.0,227.0,409.0,141.0,197.0,318.0,210.0,286.0,491.0,499.0,263.0,177.0,324.0,229.0,759.0,46.0,493.0,254.0,90.0,113.0,114.0,536.0,71.0,676.0,103.0,219.0,4.0,58.0,144.0,17.0,6.0,41.0,44.0,176.0,463.0,12.0,5.0,111.0,143.0,9.0,9.0,,9.0,4.0,22.0,,19.0,3.0,,,9.0,14.0,,65.0,39.0,,3.0,37.0,9.0,27.0,,,2.0,47.0,,890.0,1451.0,8806.0,1462.0,864.0,837.0,375.0,560.0,1278.0,1201.0,1037.0,12634.0,724.0,115.0,231.0,421.0,709.0,483.0,80.0,409.0,878.0,146.0,5424.0,2759.0,333.0,104.0,350.0,233.0,401.0,441.0,344.0,3442.0,1413.0,824.0,,711.0,411.0,852.0,756.0,4329.0,191.0,79.0,4695.0,665.0,172.0,53.0,3936.0,521.0,4119.0,405.0,86.0,35.0,753.0,74.0,5705.0,981.0,3157.0,,458.0,836.0,113.0,439.0,567.0,94.0,158.0,115.0,37.0,452.0,105.0,99.0,59.0,,2600.0,35.0,1834.0,105.0,3145.0,133.0,103.0,,35.0,55.0,1720.0,12.0,47.0,205.0,43.0,113.0,33.0,,3.0,3.0
https://courses.openedu.ru/courses/course-v1:spbstu+PHYLOS+fall_2018/courseware/f84f15470d0e4bf0b049a0c9b487d48c/61e5030c07c94d1e9165fd30390ee310,263.0,215.0,325.0,203.0,271.0,136.0,736.0,408.0,154.0,313.0,1517.0,196.0,164.0,162.0,225.0,316.0,229.0,163.0,34.0,140.0,343.0,156.0,245.0,42.0,395.0,116.0,123.0,79.0,90.0,129.0,52.0,209.0,109.0,73.0,10.0,143.0,108.0,23.0,20.0,143.0,41.0,29.0,8.0,3.0,151.0,,28.0,11.0,12.0,,,,37.0,,4.0,14.0,,,3.0,,8.0,,,,2.0,43.0,,,,,,,,2755.0,3520.0,,10264.0,1776.0,,1052.0,1445.0,4557.0,5080.0,,,1672.0,238.0,11794.0,909.0,6428.0,1226.0,320.0,769.0,3792.0,5877.0,,,869.0,797.0,803.0,865.0,,,873.0,,4721.0,875.0,,4895.0,878.0,4892.0,4021.0,,278.0,74.0,,,59.0,16.0,,,,,171.0,35.0,2988.0,241.0,,,,,,,139.0,,,372.0,3296.0,893.0,132.0,,2616.0,529.0,2520.0,,,637.0,,190.0,,496.0,382.0,,17.0,81.0,,32.0,41.0,107.0,108.0,12.0,35.0,,,
https://courses.openedu.ru/courses/course-v1:spbstu+PHYLOS+fall_2018/courseware/e5303109ad5a4988b17dc0db8e292325/7ca04f9a7d9a4d8da00fce4c0cda8e96,246.0,135.0,347.0,142.0,328.0,180.0,302.0,200.0,960.0,386.0,560.0,261.0,155.0,836.0,377.0,367.0,430.0,546.0,63.0,349.0,341.0,291.0,301.0,118.0,776.0,415.0,73.0,201.0,153.0,308.0,128.0,840.0,198.0,201.0,119.0,363.0,244.0,239.0,16.0,37.0,47.0,284.0,25.0,14.0,,21.0,272.0,28.0,36.0,8.0,19.0,2.0,40.0,,20.0,9.0,1.0,4.0,2996.0,10.0,40.0,60.0,52.0,,3.0,34.0,17.0,,7.0,1.0,8.0,48.0,,967.0,1541.0,17248.0,2119.0,682.0,512.0,456.0,697.0,1475.0,1371.0,1133.0,2689.0,719.0,143.0,289.0,499.0,1424.0,760.0,185.0,430.0,1351.0,165.0,7987.0,1142.0,269.0,357.0,392.0,309.0,563.0,428.0,465.0,3376.0,737.0,538.0,7377.0,892.0,257.0,1500.0,619.0,5772.0,275.0,84.0,4824.0,810.0,243.0,144.0,4616.0,726.0,4240.0,341.0,72.0,209.0,843.0,190.0,1546.0,545.0,3247.0,5554.0,805.0,1020.0,79.0,207.0,484.0,417.0,87.0,323.0,102.0,691.0,153.0,201.0,346.0,4014.0,819.0,56.0,1191.0,194.0,625.0,143.0,164.0,2569.0,61.0,63.0,747.0,2015.0,109.0,171.0,101.0,119.0,53.0,1857.0,1.0,
https://courses.openedu.ru/courses/course-v1:spbstu+PHYLOS+fall_2018/courseware/a1b314bc847145cdbbce7722cf290a46/33f75534cc894cc19e617d50927f2d48,220.0,79.0,303.0,149.0,172.0,163.0,332.0,138.0,573.0,455.0,483.0,279.0,177.0,649.0,235.0,230.0,501.0,438.0,64.0,257.0,357.0,431.0,274.0,65.0,573.0,257.0,59.0,231.0,329.0,363.0,94.0,733.0,229.0,190.0,88.0,324.0,280.0,33.0,11.0,33.0,81.0,149.0,217.0,20.0,58.0,6.0,180.0,20.0,22.0,39.0,32.0,13.0,66.0,19.0,24.0,35.0,8.0,9.0,6017.0,12.0,41.0,92.0,88.0,4.0,5.0,21.0,8.0,3.0,,,2.0,24.0,3.0,713.0,1192.0,12961.0,1500.0,596.0,1072.0,518.0,554.0,1622.0,2260.0,1446.0,1850.0,703.0,113.0,350.0,387.0,1641.0,372.0,280.0,476.0,948.0,156.0,5820.0,1233.0,188.0,297.0,282.0,196.0,605.0,697.0,384.0,2987.0,875.0,404.0,10631.0,574.0,294.0,677.0,836.0,6164.0,184.0,187.0,4979.0,698.0,268.0,82.0,5739.0,997.0,4481.0,478.0,185.0,248.0,648.0,181.0,844.0,750.0,3500.0,6629.0,899.0,993.0,90.0,430.0,609.0,184.0,101.0,355.0,100.0,745.0,216.0,176.0,148.0,5491.0,912.0,124.0,916.0,218.0,764.0,205.0,128.0,5415.0,378.0,104.0,1070.0,4715.0,199.0,91.0,101.0,142.0,70.0,5499.0,21.0,
https://courses.openedu.ru/courses/course-v1:spbstu+PHYLOS+fall_2018/courseware/d49f80aa711548e58cf84c8f49340071/6475eabaddda4594966fc208d5c45895,196.0,144.0,499.0,169.0,292.0,195.0,399.0,478.0,208.0,546.0,1096.0,179.0,235.0,201.0,211.0,230.0,257.0,271.0,36.0,101.0,364.0,230.0,452.0,88.0,547.0,131.0,156.0,237.0,129.0,100.0,38.0,368.0,86.0,207.0,34.0,30.0,96.0,7.0,6.0,113.0,62.0,143.0,19.0,,171.0,13.0,42.0,22.0,7.0,,22.0,17.0,39.0,,7.0,6.0,,3.0,,,4.0,,,,2.0,9.0,16.0,,3.0,,,6.0,,2289.0,2777.0,,6585.0,1430.0,10580.0,726.0,1205.0,4064.0,3554.0,10417.0,,1416.0,67.0,368.0,602.0,3855.0,907.0,109.0,713.0,2454.0,190.0,,5668.0,665.0,185.0,672.0,692.0,5976.0,4556.0,1110.0,,1450.0,756.0,,2056.0,521.0,1332.0,1468.0,,186.0,48.0,,5361.0,78.0,15.0,,5364.0,,4279.0,52.0,27.0,891.0,87.0,,3962.0,,,2660.0,2840.0,61.0,2665.0,3416.0,79.0,81.0,99.0,106.0,1924.0,380.0,87.0,269.0,,,69.0,,66.0,,46.0,76.0,,70.0,53.0,,38.0,15.0,91.0,22.0,27.0,29.0,,,
https://courses.openedu.ru/courses/course-v1:spbstu+PHYLOS+fall_2018/courseware/df482a76976049cf9c3058a7bdfc7084/2cd8acbb87784969b5f6c4b25c15546f,119.0,69.0,164.0,110.0,110.0,78.0,369.0,137.0,293.0,478.0,420.0,99.0,151.0,138.0,166.0,124.0,287.0,346.0,69.0,91.0,328.0,142.0,241.0,34.0,428.0,110.0,47.0,57.0,70.0,189.0,30.0,672.0,41.0,145.0,15.0,32.0,163.0,10.0,3.0,48.0,30.0,88.0,61.0,1.0,26.0,17.0,77.0,80.0,14.0,6.0,1.0,30.0,14.0,1.0,6.0,6.0,,,,13.0,4.0,4.0,2.0,,4.0,6.0,7.0,4.0,2.0,,7.0,6.0,,880.0,949.0,,1448.0,578.0,8941.0,282.0,500.0,1103.0,1071.0,1234.0,6575.0,520.0,64.0,162.0,263.0,663.0,331.0,56.0,325.0,609.0,87.0,,3015.0,274.0,64.0,297.0,276.0,2891.0,2291.0,312.0,2837.0,566.0,436.0,,827.0,291.0,448.0,558.0,,190.0,92.0,,2157.0,116.0,19.0,,498.0,,2724.0,23.0,32.0,719.0,88.0,2938.0,2023.0,,,395.0,495.0,62.0,668.0,2043.0,55.0,48.0,99.0,72.0,400.0,61.0,73.0,91.0,,2408.0,63.0,1929.0,91.0,2347.0,31.0,41.0,,105.0,160.0,2027.0,11.0,36.0,73.0,35.0,37.0,40.0,,,
https://courses.openedu.ru/courses/course-v1:spbstu+PHYLOS+fall_2018/courseware/d577baef4d604c29a2b52f2e85803b0b/2ecf46b800c94f0c921e2af04c6bcdca,129.0,108.0,187.0,84.0,125.0,229.0,426.0,537.0,101.0,774.0,520.0,84.0,287.0,63.0,228.0,265.0,292.0,281.0,59.0,78.0,233.0,185.0,292.0,40.0,661.0,101.0,63.0,63.0,71.0,159.0,44.0,487.0,57.0,187.0,21.0,122.0,64.0,14.0,20.0,50.0,28.0,95.0,8.0,9.0,105.0,,50.0,9.0,14.0,,3.0,4.0,11.0,,13.0,5.0,,,3.0,,,,7.0,3.0,1.0,13.0,2.0,,,4.0,,,,1047.0,1318.0,,8048.0,681.0,,586.0,598.0,1807.0,3785.0,5324.0,,591.0,75.0,767.0,315.0,2014.0,509.0,125.0,360.0,1106.0,621.0,,,325.0,226.0,315.0,314.0,,4114.0,692.0,,1883.0,337.0,,2613.0,222.0,1875.0,1614.0,,150.0,73.0,,,97.0,19.0,,2352.0,,,118.0,29.0,1132.0,123.0,,,,,2411.0,2206.0,64.0,2970.0,,142.0,199.0,166.0,87.0,1739.0,390.0,145.0,255.0,,,132.0,,107.0,,74.0,120.0,,14.0,52.0,,12.0,14.0,90.0,22.0,14.0,26.0,,,1.0
https://courses.openedu.ru/courses/course-v1:spbstu+PHYLOS+fall_2018/courseware/a1b314bc847145cdbbce7722cf290a46/2e34698ee1a243c29453e69e85f9d4ea,73.0,68.0,187.0,96.0,146.0,78.0,103.0,66.0,89.0,154.0,364.0,49.0,68.0,99.0,34.0,59.0,76.0,71.0,15.0,83.0,94.0,46.0,79.0,68.0,54.0,59.0,49.0,44.0,49.0,38.0,19.0,80.0,41.0,63.0,8.0,21.0,34.0,3.0,4.0,45.0,47.0,11.0,26.0,10.0,25.0,,29.0,13.0,9.0,,17.0,2.0,24.0,2.0,13.0,5.0,,,1726.0,12.0,9.0,7.0,7.0,,2.0,7.0,2.0,1.0,,,,1.0,2.0,729.0,977.0,8315.0,968.0,471.0,450.0,245.0,419.0,1004.0,998.0,978.0,819.0,525.0,44.0,117.0,280.0,759.0,323.0,91.0,203.0,745.0,100.0,3180.0,351.0,155.0,164.0,214.0,179.0,221.0,174.0,225.0,1734.0,583.0,285.0,3926.0,299.0,231.0,328.0,409.0,2529.0,71.0,59.0,2193.0,151.0,49.0,23.0,2148.0,556.0,1990.0,161.0,51.0,81.0,378.0,92.0,272.0,168.0,1554.0,2358.0,594.0,504.0,72.0,167.0,187.0,73.0,56.0,110.0,57.0,411.0,94.0,74.0,45.0,1995.0,416.0,27.0,326.0,50.0,198.0,59.0,82.0,1793.0,39.0,56.0,221.0,1354.0,41.0,69.0,69.0,21.0,25.0,1555.0,,1.0
https://courses.openedu.ru/courses/course-v1:spbstu+PHYLOS+fall_2018/courseware/e4380cc6275d4cda94980a3a63859369/71e45accd8d04d99ab177f5385078458,136.0,71.0,127.0,104.0,146.0,98.0,395.0,118.0,73.0,138.0,575.0,62.0,120.0,122.0,136.0,115.0,267.0,146.0,145.0,35.0,204.0,120.0,230.0,40.0,206.0,66.0,54.0,45.0,40.0,86.0,49.0,170.0,57.0,74.0,153.0,17.0,106.0,12.0,30.0,78.0,35.0,52.0,3.0,,90.0,9.0,46.0,6.0,25.0,,,,130.0,22.0,5.0,13.0,13.0,,6.0,,3.0,7.0,9.0,,1.0,10.0,1.0,,,,,,,1342.0,1199.0,,,604.0,,423.0,521.0,2778.0,4189.0,,,598.0,201.0,3895.0,345.0,,515.0,569.0,337.0,2884.0,2694.0,,,243.0,6639.0,281.0,283.0,,,456.0,,,331.0,,,220.0,,,,474.0,223.0,,,117.0,50.0,,,,,171.0,32.0,,2092.0,,,,,,,328.0,,,2682.0,1818.0,1224.0,103.0,,1510.0,1706.0,1921.0,,,1554.0,,404.0,,560.0,1703.0,,39.0,139.0,,11.0,152.0,200.0,76.0,36.0,68.0,,6.0,
https://courses.openedu.ru/courses/course-v1:spbstu+PHYLOS+fall_2018/courseware/a1b314bc847145cdbbce7722cf290a46/9252a737379b469fbe6362263eb368df,83.0,77.0,124.0,113.0,110.0,116.0,115.0,77.0,48.0,81.0,359.0,34.0,65.0,52.0,44.0,47.0,44.0,15.0,7.0,64.0,56.0,40.0,53.0,94.0,44.0,44.0,29.0,31.0,55.0,9.0,10.0,19.0,47.0,28.0,10.0,16.0,39.0,2.0,3.0,37.0,21.0,6.0,9.0,3.0,4.0,,3.0,1.0,4.0,,7.0,1.0,15.0,6.0,2.0,5.0,1.0,,1620.0,9.0,,2.0,9.0,2.0,6.0,3.0,6.0,,2.0,2.0,,2.0,,786.0,925.0,9843.0,972.0,500.0,300.0,218.0,385.0,1175.0,1177.0,989.0,513.0,516.0,32.0,72.0,270.0,834.0,417.0,51.0,293.0,683.0,74.0,3381.0,269.0,190.0,85.0,226.0,208.0,127.0,155.0,184.0,1996.0,481.0,356.0,4077.0,290.0,183.0,311.0,373.0,2541.0,84.0,40.0,2185.0,137.0,15.0,15.0,2318.0,582.0,2048.0,92.0,24.0,35.0,372.0,88.0,215.0,117.0,1593.0,2288.0,488.0,432.0,51.0,62.0,96.0,61.0,30.0,72.0,17.0,387.0,77.0,35.0,53.0,1823.0,307.0,34.0,265.0,40.0,110.0,61.0,56.0,1616.0,22.0,27.0,184.0,1305.0,40.0,33.0,44.0,13.0,4.0,1009.0,,
https://courses.openedu.ru/courses/course-v1:spbstu+PHYLOS+fall_2018/courseware/f93d7343f26644b790a026a0ab9161c4/87a33def05f7419ebb1d61ceec9d06c3,117.0,143.0,198.0,117.0,141.0,176.0,239.0,269.0,85.0,214.0,993.0,114.0,103.0,36.0,133.0,121.0,68.0,55.0,243.0,84.0,115.0,36.0,245.0,21.0,160.0,45.0,77.0,54.0,37.0,194.0,22.0,222.0,49.0,78.0,15.0,45.0,151.0,7.0,38.0,39.0,23.0,59.0,53.0,,16.0,,3.0,5.0,8.0,,2.0,,24.0,2.0,7.0,1.0,,,13.0,,7.0,,,,2.0,7.0,,,,,,,7.0,1737.0,2030.0,,,1078.0,,6244.0,714.0,,,,,750.0,3286.0,,548.0,,569.0,,371.0,,,,,386.0,,307.0,358.0,,,496.0,,,521.0,,,291.0,,,,3472.0,4934.0,,,1194.0,1725.0,,,,,1448.0,1951.0,,,,,,,,,,,,,,,890.0,,,,,,,,,,,,,,2586.0,,,,1975.0,,2019.0,1280.0,1196.0,,,
https://courses.openedu.ru/courses/course-v1:spbstu+PHYLOS+fall_2018/courseware/cf94d3e1e7814b9d9e503355ae55e620/9033aae1b9f54e2e9b599c0ff5d93145,384.0,280.0,659.0,515.0,744.0,382.0,326.0,605.0,240.0,220.0,3508.0,303.0,340.0,164.0,167.0,154.0,260.0,178.0,187.0,85.0,246.0,113.0,102.0,86.0,145.0,94.0,219.0,37.0,91.0,351.0,37.0,175.0,144.0,111.0,9.0,55.0,164.0,7.0,67.0,178.0,37.0,47.0,76.0,1.0,182.0,,154.0,6.0,10.0,,,,40.0,,,,4.0,,40.0,,30.0,,,,3.0,7.0,8.0,,,,,,,7201.0,5540.0,,,6952.0,,9409.0,3154.0,,,,,3275.0,9064.0,,2717.0,,2926.0,,1742.0,,,,,1462.0,,1579.0,1708.0,,,2408.0,,,1976.0,,,2163.0,,,,,,,,5041.0,4892.0,,,,,4422.0,3890.0,,,,,,,,,,,,,,,2770.0,,,,,,,,,,,,,,,,,,,,,,,,,
https://courses.openedu.ru/courses/course-v1:spbstu+PHYLOS+fall_2018/courseware/e5303109ad5a4988b17dc0db8e292325/db110fe478f0461e85e7ecba2f02293f,84.0,48.0,133.0,97.0,102.0,52.0,100.0,61.0,56.0,72.0,330.0,39.0,71.0,67.0,54.0,61.0,50.0,51.0,15.0,75.0,102.0,28.0,68.0,63.0,49.0,37.0,54.0,19.0,46.0,24.0,29.0,56.0,67.0,37.0,11.0,14.0,36.0,5.0,6.0,38.0,32.0,16.0,12.0,30.0,4.0,4.0,21.0,2.0,9.0,,9.0,,12.0,5.0,2.0,2.0,,,789.0,8.0,6.0,7.0,13.0,,,3.0,6.0,3.0,7.0,,,10.0,,692.0,938.0,8587.0,1269.0,542.0,259.0,249.0,397.0,1334.0,1082.0,835.0,950.0,572.0,29.0,105.0,322.0,785.0,390.0,54.0,295.0,807.0,80.0,2981.0,367.0,201.0,101.0,216.0,207.0,92.0,123.0,250.0,2090.0,541.0,319.0,2850.0,272.0,193.0,443.0,406.0,1991.0,124.0,61.0,1893.0,194.0,42.0,11.0,1823.0,499.0,1794.0,98.0,25.0,32.0,336.0,72.0,367.0,102.0,1417.0,1521.0,534.0,466.0,95.0,88.0,131.0,62.0,35.0,130.0,44.0,433.0,113.0,51.0,74.0,1209.0,428.0,22.0,390.0,45.0,214.0,34.0,82.0,802.0,7.0,29.0,220.0,616.0,45.0,77.0,59.0,14.0,22.0,465.0,,2.0
https://courses.openedu.ru/courses/course-v1:spbstu+PHYLOS+fall_2018/courseware/88cd2761424245c7b55d8995e71ab019/27af773385864dbfb0dc13d2285594f3,85.0,49.0,138.0,111.0,103.0,43.0,101.0,99.0,45.0,82.0,346.0,37.0,96.0,54.0,41.0,43.0,41.0,55.0,7.0,32.0,98.0,16.0,55.0,50.0,40.0,41.0,60.0,16.0,67.0,30.0,7.0,59.0,45.0,29.0,12.0,3.0,32.0,4.0,,43.0,27.0,15.0,18.0,,6.0,16.0,4.0,10.0,3.0,,,,13.0,,4.0,,,,5.0,,,3.0,,,,,2.0,3.0,2.0,,,5.0,,852.0,886.0,4979.0,1238.0,464.0,635.0,218.0,486.0,1165.0,886.0,888.0,8570.0,467.0,24.0,91.0,257.0,650.0,421.0,56.0,298.0,696.0,69.0,2489.0,2781.0,251.0,54.0,221.0,170.0,272.0,247.0,217.0,1557.0,526.0,315.0,,285.0,158.0,284.0,362.0,1686.0,60.0,45.0,1841.0,494.0,29.0,15.0,1875.0,374.0,1634.0,255.0,29.0,16.0,328.0,39.0,2199.0,436.0,1220.0,,374.0,420.0,49.0,139.0,187.0,57.0,34.0,75.0,22.0,252.0,72.0,43.0,52.0,,1093.0,22.0,766.0,35.0,1056.0,13.0,30.0,,,21.0,981.0,14.0,32.0,38.0,23.0,3.0,10.0,,,
https://courses.openedu.ru/courses/course-v1:spbstu+PHYLOS+fall_2018/courseware/1c7d88a820db46d093be188edfe325d6/6396cae92b0442419cbf0491de7626a2,231.0,88.0,118.0,81.0,116.0,63.0,289.0,171.0,73.0,143.0,617.0,77.0,122.0,125.0,293.0,120.0,186.0,67.0,43.0,76.0,174.0,108.0,267.0,19.0,185.0,79.0,47.0,45.0,42.0,57.0,20.0,172.0,75.0,28.0,60.0,5.0,55.0,37.0,6.0,67.0,22.0,52.0,86.0,,171.0,,8.0,5.0,9.0,,,,10.0,11.0,,10.0,2.0,2.0,,,5.0,,,,3.0,6.0,7.0,,2.0,,,2.0,6.0,1369.0,1073.0,,,606.0,,405.0,520.0,,,,,581.0,223.0,,370.0,,477.0,5934.0,446.0,,2853.0,,,298.0,4785.0,290.0,304.0,,,381.0,,,322.0,,,359.0,,,,2618.0,339.0,,,91.0,26.0,,,,,119.0,44.0,,2197.0,,,,,,,2746.0,,,2785.0,,2584.0,125.0,,,2324.0,,,,2079.0,,1334.0,,1731.0,1629.0,,110.0,1289.0,,11.0,304.0,1003.0,192.0,189.0,101.0,,,2.0
https://courses.openedu.ru/courses/course-v1:spbstu+PHYLOS+fall_2018/courseware/e7680f87e11641aa96d1d02e875466de/8387b0a0fdcf48d190cf276c71d401c1,105.0,163.0,214.0,104.0,103.0,78.0,223.0,578.0,221.0,100.0,715.0,61.0,81.0,62.0,164.0,117.0,61.0,37.0,257.0,102.0,102.0,77.0,274.0,17.0,63.0,22.0,83.0,33.0,47.0,92.0,17.0,141.0,81.0,36.0,20.0,29.0,201.0,7.0,29.0,60.0,26.0,46.0,73.0,1.0,44.0,1.0,11.0,5.0,7.0,,,,12.0,3.0,,15.0,,,22.0,1.0,7.0,,1.0,,3.0,15.0,,5.0,,,,,,1238.0,1193.0,,,655.0,,665.0,578.0,,,,,582.0,2262.0,,443.0,,465.0,4180.0,348.0,,,,,312.0,,280.0,222.0,,,232.0,,,322.0,,,196.0,,,,2262.0,5825.0,,,294.0,158.0,,,,,402.0,131.0,,2351.0,,,,,,,2801.0,,,,,,175.0,,,,,,,,,2190.0,,2112.0,,,1788.0,1813.0,,,809.0,1009.0,928.0,1599.0,1431.0,,,
https://courses.openedu.ru/courses/course-v1:spbstu+PHYLOS+fall_2018/courseware/e5303109ad5a4988b17dc0db8e292325/9d291470cac44b62b9087eb256ac1550,113.0,55.0,108.0,76.0,119.0,60.0,74.0,58.0,39.0,43.0,344.0,42.0,65.0,30.0,43.0,44.0,16.0,38.0,11.0,46.0,55.0,9.0,34.0,48.0,39.0,22.0,23.0,13.0,42.0,4.0,21.0,16.0,38.0,13.0,,3.0,23.0,6.0,4.0,34.0,19.0,2.0,2.0,9.0,,4.0,4.0,1.0,2.0,,2.0,4.0,12.0,1.0,2.0,3.0,,,708.0,6.0,,2.0,11.0,,,2.0,5.0,,1.0,,,6.0,,702.0,769.0,8520.0,1053.0,462.0,201.0,213.0,412.0,1146.0,956.0,756.0,1026.0,539.0,26.0,70.0,242.0,621.0,375.0,31.0,290.0,591.0,38.0,2939.0,301.0,174.0,38.0,231.0,205.0,104.0,93.0,169.0,2100.0,499.0,365.0,2592.0,239.0,129.0,310.0,231.0,1831.0,46.0,27.0,1753.0,164.0,15.0,14.0,1582.0,403.0,1595.0,74.0,15.0,15.0,277.0,39.0,351.0,98.0,1363.0,1472.0,350.0,318.0,48.0,54.0,62.0,36.0,34.0,48.0,12.0,289.0,66.0,29.0,54.0,1009.0,416.0,24.0,380.0,26.0,219.0,12.0,39.0,683.0,2.0,9.0,205.0,497.0,28.0,33.0,33.0,6.0,15.0,370.0,,
https://courses.openedu.ru/courses/course-v1:spbstu+PHYLOS+fall_2018/courseware/df482a76976049cf9c3058a7bdfc7084/a4c4cca8d8094e7c9f836eb335b5bbbf,59.0,69.0,98.0,71.0,93.0,47.0,100.0,73.0,44.0,58.0,356.0,35.0,51.0,39.0,17.0,46.0,28.0,34.0,,16.0,55.0,16.0,54.0,33.0,39.0,32.0,41.0,14.0,56.0,26.0,,22.0,33.0,21.0,10.0,3.0,15.0,4.0,3.0,26.0,21.0,7.0,11.0,,10.0,4.0,12.0,6.0,3.0,3.0,3.0,3.0,9.0,,,3.0,,,,,1.0,,,,,,3.0,,,,,,,649.0,644.0,,1195.0,372.0,6917.0,155.0,339.0,1038.0,854.0,1183.0,3617.0,401.0,21.0,108.0,168.0,539.0,291.0,42.0,247.0,619.0,63.0,,1374.0,190.0,47.0,203.0,189.0,2153.0,2429.0,204.0,1450.0,315.0,251.0,,315.0,147.0,226.0,272.0,,50.0,37.0,,1090.0,13.0,5.0,,445.0,,1266.0,14.0,13.0,203.0,42.0,1651.0,882.0,,,375.0,350.0,46.0,616.0,1007.0,42.0,35.0,53.0,25.0,272.0,63.0,18.0,71.0,,1141.0,10.0,1024.0,31.0,998.0,16.0,28.0,,4.0,22.0,902.0,11.0,17.0,26.0,18.0,12.0,28.0,,,
https://courses.openedu.ru/courses/course-v1:spbstu+PHYLOS+fall_2018/courseware/df482a76976049cf9c3058a7bdfc7084/f3dd04217e344c53b9b925e9b86c3933,76.0,36.0,106.0,73.0,72.0,34.0,47.0,77.0,27.0,26.0,371.0,29.0,64.0,42.0,13.0,30.0,14.0,9.0,,3.0,48.0,10.0,31.0,30.0,26.0,23.0,34.0,3.0,46.0,17.0,3.0,12.0,27.0,25.0,,3.0,9.0,3.0,3.0,41.0,13.0,2.0,3.0,,10.0,2.0,5.0,3.0,2.0,,2.0,2.0,14.0,,,,,,,,,,2.0,,,,2.0,,,,,,,657.0,607.0,,1136.0,371.0,7574.0,139.0,374.0,1095.0,941.0,1167.0,3703.0,381.0,18.0,75.0,159.0,642.0,253.0,40.0,196.0,639.0,57.0,,1626.0,203.0,35.0,215.0,206.0,2337.0,2463.0,130.0,1469.0,362.0,269.0,,343.0,119.0,229.0,277.0,,32.0,16.0,,1208.0,2.0,3.0,,501.0,,1382.0,7.0,5.0,190.0,25.0,1723.0,899.0,,,342.0,373.0,29.0,568.0,964.0,24.0,26.0,45.0,8.0,318.0,75.0,20.0,65.0,,1095.0,15.0,1067.0,20.0,1122.0,12.0,19.0,,,15.0,899.0,14.0,8.0,14.0,10.0,7.0,17.0,,,2.0
https://courses.openedu.ru/courses/course-v1:spbstu+PHYLOS+fall_2018/courseware/f26a89c3f158458dbfaf318ffd645fd5/191b38cf1df94eac97ed49b053feee80,276.0,203.0,346.0,192.0,361.0,234.0,177.0,162.0,171.0,109.0,1731.0,234.0,185.0,83.0,109.0,105.0,85.0,65.0,143.0,82.0,121.0,34.0,59.0,78.0,66.0,47.0,93.0,31.0,51.0,73.0,45.0,123.0,85.0,46.0,15.0,28.0,211.0,16.0,13.0,92.0,43.0,37.0,17.0,6.0,101.0,24.0,5.0,5.0,10.0,,,5.0,10.0,,,5.0,,,9.0,,7.0,,,,3.0,6.0,,,4.0,,,,,3665.0,4793.0,,,3208.0,,,1625.0,,,,,2438.0,,,1557.0,,1786.0,,1022.0,,,,,917.0,,863.0,894.0,,,1641.0,,,1373.0,,,1281.0,,,,,,,,,,,,,,,,,,,,,,,,,,,,,,,,,,,,,,,,,,,,,,,,,,,,,,,
https://courses.openedu.ru/courses/course-v1:spbstu+PHYLOS+fall_2018/courseware/0bd71bc4466b4fdba2e282efa76d6602/76d906d958bf4204aa541241602091b6,940.0,1384.0,847.0,900.0,642.0,721.0,194.0,162.0,369.0,433.0,6088.0,173.0,322.0,102.0,299.0,158.0,238.0,96.0,72.0,108.0,146.0,78.0,43.0,64.0,187.0,172.0,75.0,186.0,53.0,62.0,34.0,81.0,141.0,60.0,40.0,27.0,55.0,10.0,33.0,50.0,15.0,22.0,14.0,3.0,10.0,17.0,18.0,1.0,4.0,1.0,,1.0,4.0,,1.0,,2.0,2.0,7.0,,4.0,,2.0,,,8.0,,,,,,2.0,,,,,,,,,,,,,,,,,,,,,,,,,,,,,,,,,,,,,,,,,,,,2.0,,,,,,,,,,,,3.0,,,3.0,,,,,,,,,,,,,,3.0,,,,,,,,6.0,,,,,,,,,,,,
https://courses.openedu.ru/courses/course-v1:spbstu+PHYLOS+fall_2018/courseware/4e55c94c778240c4a378c13d7bae252e/47612f08e6f44edca5063576a65dedf0,126.0,69.0,123.0,74.0,106.0,64.0,218.0,235.0,75.0,110.0,626.0,71.0,117.0,40.0,96.0,92.0,85.0,25.0,57.0,57.0,131.0,45.0,252.0,29.0,179.0,29.0,55.0,46.0,48.0,48.0,20.0,211.0,85.0,53.0,16.0,21.0,60.0,5.0,30.0,66.0,24.0,22.0,74.0,,213.0,,7.0,4.0,7.0,,,,13.0,,,1.0,,,4.0,,,,1.0,,3.0,,,,,,,,,1305.0,1033.0,,,629.0,,393.0,515.0,,,,,591.0,379.0,,403.0,,356.0,6399.0,335.0,,2336.0,,,285.0,3182.0,257.0,223.0,,,272.0,,,293.0,,,210.0,,,,2624.0,553.0,,,79.0,55.0,,,,,69.0,67.0,,1360.0,,,,,,,2496.0,,,2275.0,,1895.0,88.0,,,1599.0,,,,1700.0,,1173.0,,1286.0,1291.0,,413.0,1094.0,,10.0,504.0,905.0,243.0,145.0,295.0,,,
https://courses.openedu.ru/courses/course-v1:spbstu+PHYLOS+fall_2018/courseware/0bd71bc4466b4fdba2e282efa76d6602/c96bd0ce89de46d5b63bff61613e55f3,542.0,1990.0,579.0,2048.0,3692.0,1127.0,1772.0,847.0,192.0,1197.0,3052.0,272.0,196.0,70.0,73.0,100.0,56.0,71.0,36.0,90.0,113.0,20.0,32.0,95.0,70.0,46.0,58.0,83.0,38.0,37.0,31.0,65.0,83.0,48.0,31.0,19.0,45.0,27.0,36.0,26.0,34.0,9.0,31.0,6.0,3.0,21.0,15.0,6.0,3.0,2.0,,2.0,3.0,1.0,1.0,,11.0,5.0,,2.0,5.0,4.0,1.0,,4.0,,,2.0,,,4.0,,2.0,,,,,,,,,,,,,,,,,,,,,,,,,,,,,,,,,,,,,,,,,,,,,,,,,,,,,,,,,,,,,,,,,,,,,,,,,,,,,,,,,,,,,,,,,,,,
https://courses.openedu.ru/courses/course-v1:spbstu+PHYLOS+fall_2018/pdfbook/0,303.0,111.0,475.0,118.0,114.0,225.0,896.0,621.0,317.0,81.0,534.0,396.0,107.0,433.0,272.0,23.0,502.0,147.0,757.0,409.0,107.0,2412.0,535.0,441.0,706.0,187.0,376.0,209.0,545.0,1807.0,624.0,1145.0,1559.0,705.0,164.0,2018.0,3176.0,20.0,86.0,192.0,162.0,4.0,29.0,,178.0,203.0,145.0,,532.0,,,9.0,,,6.0,37.0,81.0,,489.0,,,,2.0,,,,,,107.0,,,,,384.0,110.0,184.0,196.0,446.0,114.0,157.0,570.0,56.0,238.0,238.0,572.0,449.0,805.0,244.0,576.0,121.0,287.0,823.0,58.0,635.0,864.0,98.0,197.0,24.0,949.0,677.0,30.0,67.0,62.0,11.0,162.0,152.0,157.0,476.0,65.0,4.0,152.0,416.0,319.0,124.0,533.0,266.0,259.0,536.0,154.0,363.0,194.0,182.0,233.0,249.0,126.0,99.0,244.0,51.0,349.0,138.0,207.0,81.0,29.0,407.0,198.0,313.0,113.0,19.0,14.0,308.0,71.0,178.0,590.0,58.0,414.0,200.0,154.0,82.0,206.0,197.0,270.0,93.0,428.0,5.0,579.0,259.0,304.0,351.0,612.0,205.0,517.0,196.0,582.0,,
https://courses.openedu.ru/courses/course-v1:spbstu+PHYLOS+fall_2018/courseware/88cd2761424245c7b55d8995e71ab019/4c6cf6cf2ef34d7da83d029abe4f3904,72.0,40.0,84.0,53.0,75.0,35.0,48.0,56.0,25.0,33.0,278.0,24.0,59.0,28.0,28.0,34.0,15.0,11.0,,16.0,43.0,14.0,23.0,40.0,32.0,22.0,46.0,7.0,36.0,4.0,2.0,10.0,22.0,11.0,1.0,3.0,7.0,,3.0,36.0,16.0,4.0,,3.0,9.0,2.0,2.0,11.0,6.0,,,,16.0,,3.0,,,,,2.0,,3.0,,,2.0,,4.0,2.0,,,,3.0,,624.0,525.0,3695.0,831.0,345.0,786.0,144.0,320.0,928.0,773.0,635.0,6312.0,390.0,10.0,74.0,160.0,430.0,289.0,35.0,171.0,485.0,73.0,1691.0,1993.0,131.0,60.0,204.0,142.0,350.0,312.0,117.0,1247.0,356.0,256.0,,227.0,115.0,192.0,226.0,1129.0,37.0,14.0,1407.0,537.0,8.0,4.0,1330.0,249.0,1078.0,252.0,9.0,12.0,206.0,21.0,1583.0,362.0,882.0,,200.0,245.0,32.0,123.0,272.0,30.0,25.0,37.0,4.0,145.0,49.0,26.0,44.0,,798.0,23.0,666.0,6.0,858.0,24.0,18.0,,3.0,7.0,755.0,6.0,15.0,18.0,25.0,,13.0,,,
https://courses.openedu.ru/courses/course-v1:spbstu+PHYLOS+fall_2018/courseware/c74568c00f9f4d65a99d23d310030902/120246d5b13f4d6bb631dc33aa5c61a8,1358.0,826.0,794.0,688.0,691.0,913.0,439.0,295.0,506.0,262.0,2300.0,377.0,201.0,125.0,154.0,146.0,84.0,68.0,164.0,135.0,86.0,44.0,52.0,161.0,68.0,45.0,251.0,83.0,104.0,56.0,49.0,128.0,64.0,58.0,59.0,36.0,123.0,21.0,20.0,127.0,30.0,13.0,30.0,,5.0,31.0,3.0,5.0,7.0,,,,30.0,,65.0,,3.0,,9.0,,81.0,,,3.0,3.0,6.0,,,,4.0,,9.0,,4525.0,,,,,,,3532.0,,,,,,,,2391.0,,,,2645.0,,,,,1682.0,,1649.0,1557.0,,,,,,,,,,,,,,,,,,,,,,,,,,,,,,,,,,,,,,,,,,,,,,,,,,,,,,,,,,,,,,,6.0,
https://courses.openedu.ru/courses/course-v1:spbstu+PHYLOS+fall_2018/courseware/d4506cc6380b4f50a8919cc6300f2017/ec76277563d4434faef0d5fb4c0196da,367.0,229.0,522.0,260.0,256.0,306.0,165.0,224.0,120.0,137.0,1827.0,309.0,170.0,76.0,111.0,102.0,103.0,83.0,173.0,129.0,84.0,26.0,65.0,71.0,75.0,42.0,79.0,24.0,83.0,21.0,28.0,95.0,128.0,66.0,36.0,30.0,99.0,10.0,35.0,74.0,36.0,12.0,14.0,103.0,10.0,6.0,4.0,5.0,8.0,,,38.0,12.0,,,9.0,3.0,,12.0,,19.0,,,,2.0,7.0,,,,,8.0,,,3981.0,4664.0,,,2962.0,,,1441.0,,,,,2023.0,,,1544.0,,1689.0,,866.0,,,,,924.0,,1010.0,967.0,,,1497.0,,,1265.0,,,1222.0,,,,,,,,,,,,,,,,,,,,,,,,,,,,,,,,,,,,,,,,,,,,,,,,,,,,,,,
https://courses.openedu.ru/courses/course-v1:spbstu+PHYLOS+fall_2018/courseware/fec67eb9c2134f3ebafdb3375781137f/a77601425d8046a784db7482b0a8c94c,158.0,141.0,184.0,93.0,257.0,155.0,335.0,88.0,88.0,81.0,1060.0,77.0,141.0,59.0,166.0,53.0,63.0,53.0,63.0,56.0,76.0,42.0,124.0,42.0,68.0,37.0,57.0,32.0,51.0,52.0,41.0,116.0,64.0,63.0,5.0,33.0,67.0,6.0,11.0,50.0,75.0,35.0,48.0,,25.0,11.0,29.0,5.0,6.0,,,,14.0,,,,,,31.0,4.0,9.0,2.0,,,3.0,7.0,,2.0,,,,,16.0,2027.0,2392.0,,,2430.0,,3729.0,1117.0,,,,,1118.0,3377.0,,764.0,,868.0,,596.0,,,,,421.0,,529.0,473.0,,,790.0,,,716.0,,,930.0,,,,,,,,1567.0,1859.0,,,,,1539.0,1478.0,,,,,,,,,,,,,,,928.0,,,,,,,,,,,,,,,,,,,,,,,,,
https://courses.openedu.ru/courses/course-v1:spbstu+PHYLOS+fall_2018/courseware/d577baef4d604c29a2b52f2e85803b0b/0d1af864fcfc460293e5a5663f81e018,87.0,56.0,80.0,72.0,68.0,31.0,92.0,53.0,42.0,37.0,332.0,34.0,39.0,33.0,18.0,35.0,19.0,27.0,,26.0,51.0,11.0,74.0,15.0,29.0,23.0,43.0,12.0,32.0,12.0,10.0,12.0,27.0,33.0,19.0,8.0,16.0,9.0,10.0,44.0,18.0,7.0,1.0,7.0,37.0,,,,3.0,,,,7.0,,,4.0,,,4.0,,,,,,,,3.0,,,,,,,721.0,802.0,,4635.0,461.0,,285.0,373.0,1255.0,2348.0,2396.0,,371.0,47.0,466.0,198.0,997.0,333.0,94.0,259.0,788.0,217.0,,,203.0,159.0,184.0,188.0,,1827.0,199.0,,794.0,187.0,,1136.0,118.0,611.0,780.0,,82.0,38.0,,,35.0,12.0,,1247.0,,,21.0,28.0,661.0,102.0,,,,,987.0,951.0,50.0,1302.0,,70.0,161.0,94.0,24.0,889.0,155.0,34.0,98.0,,,89.0,,45.0,,26.0,65.0,,8.0,16.0,,9.0,22.0,22.0,17.0,2.0,23.0,,,
https://courses.openedu.ru/courses/course-v1:spbstu+PHYLOS+fall_2018/courseware/e4380cc6275d4cda94980a3a63859369/0864c4307d4a4ca2892e2208f716c077,110.0,57.0,85.0,78.0,78.0,37.0,74.0,35.0,38.0,34.0,329.0,40.0,65.0,25.0,37.0,45.0,17.0,22.0,2.0,20.0,65.0,18.0,93.0,13.0,20.0,18.0,45.0,7.0,22.0,17.0,17.0,8.0,32.0,22.0,14.0,3.0,14.0,,18.0,41.0,20.0,8.0,19.0,,23.0,,,6.0,3.0,,,3.0,8.0,5.0,,3.0,,,5.0,,,,1.0,,,,,,1.0,,,,,758.0,664.0,,,364.0,,257.0,329.0,1611.0,1994.0,,,439.0,73.0,1764.0,236.0,,382.0,518.0,251.0,1287.0,1316.0,,,137.0,4380.0,164.0,149.0,,,180.0,,,197.0,,,144.0,,,,270.0,143.0,,,39.0,26.0,,,,,51.0,34.0,,1735.0,,,,,,,247.0,,,1460.0,813.0,792.0,25.0,,774.0,1016.0,651.0,,,628.0,,334.0,,281.0,752.0,,44.0,112.0,,6.0,70.0,130.0,39.0,22.0,28.0,,,
https://courses.openedu.ru/courses/course-v1:spbstu+PHYLOS+fall_2018/courseware/1c7d88a820db46d093be188edfe325d6/42bb1830e25e46c4ba9d3cc4b117036c,115.0,53.0,88.0,74.0,103.0,47.0,83.0,37.0,36.0,44.0,400.0,36.0,47.0,13.0,29.0,52.0,32.0,25.0,,33.0,77.0,9.0,24.0,8.0,12.0,4.0,32.0,7.0,22.0,12.0,13.0,8.0,30.0,20.0,20.0,3.0,13.0,4.0,12.0,41.0,15.0,7.0,11.0,,8.0,,,,3.0,,,,6.0,,,,,,,,,,3.0,,,,,,,,,,,764.0,535.0,,,351.0,,237.0,305.0,,,,,352.0,156.0,,230.0,,285.0,3897.0,199.0,,1467.0,,,180.0,2334.0,168.0,175.0,,,198.0,,,177.0,,,126.0,,,,1687.0,215.0,,,56.0,14.0,,,,,62.0,41.0,,1059.0,,,,,,,1467.0,,,1252.0,,1237.0,25.0,,,1038.0,,,,1023.0,,667.0,,721.0,896.0,,49.0,613.0,,14.0,239.0,479.0,186.0,43.0,74.0,,,
https://courses.openedu.ru/courses/course-v1:spbstu+PHYLOS+fall_2018/courseware/e7680f87e11641aa96d1d02e875466de/0fae78e26bb8409684bf8059289fe554,72.0,60.0,111.0,80.0,65.0,63.0,75.0,19.0,44.0,57.0,498.0,28.0,87.0,13.0,32.0,27.0,22.0,13.0,,19.0,31.0,8.0,25.0,8.0,9.0,7.0,54.0,10.0,31.0,25.0,9.0,9.0,38.0,14.0,12.0,16.0,10.0,3.0,16.0,28.0,12.0,5.0,11.0,,4.0,,3.0,,3.0,,,,6.0,,,,,,14.0,,,,,,,,,,,,,,,812.0,722.0,,,403.0,,482.0,332.0,,,,,350.0,1896.0,,267.0,,341.0,2281.0,200.0,,,,,209.0,,160.0,185.0,,,190.0,,,180.0,,,151.0,,,,1209.0,3833.0,,,237.0,130.0,,,,,270.0,140.0,,1355.0,,,,,,,1334.0,,,,,,119.0,,,,,,,,,1051.0,,1130.0,,,1141.0,885.0,,,464.0,719.0,535.0,584.0,576.0,,,
https://courses.openedu.ru/courses/course-v1:spbstu+PHYLOS+fall_2018/courseware/f84f15470d0e4bf0b049a0c9b487d48c/42149561f4564b4cbeb63c885202a5a7,109.0,61.0,88.0,62.0,88.0,42.0,102.0,48.0,49.0,47.0,396.0,23.0,41.0,37.0,44.0,45.0,29.0,23.0,10.0,36.0,62.0,21.0,50.0,10.0,23.0,21.0,56.0,16.0,24.0,18.0,11.0,19.0,28.0,30.0,7.0,17.0,18.0,4.0,7.0,34.0,19.0,7.0,,,26.0,,,,5.0,,,,6.0,1.0,,4.0,,,9.0,,3.0,,,,,3.0,,,,,,,,699.0,837.0,,2530.0,468.0,,301.0,358.0,1286.0,1464.0,,,436.0,88.0,3533.0,210.0,1477.0,347.0,193.0,213.0,969.0,2035.0,,,191.0,667.0,212.0,163.0,,,222.0,,1140.0,248.0,,1103.0,229.0,1126.0,871.0,,113.0,81.0,,,31.0,18.0,,,,,15.0,23.0,689.0,231.0,,,,,,,87.0,,,265.0,921.0,429.0,18.0,,747.0,134.0,667.0,,,222.0,,116.0,,89.0,154.0,,13.0,30.0,,8.0,21.0,31.0,10.0,20.0,25.0,,,
https://courses.openedu.ru/courses/course-v1:spbstu+PHYLOS+fall_2018/courseware/4e55c94c778240c4a378c13d7bae252e/c0ff36af3186413c9d3d368167c9d9bc,83.0,37.0,79.0,68.0,52.0,55.0,71.0,54.0,26.0,53.0,463.0,32.0,64.0,13.0,31.0,29.0,21.0,27.0,4.0,31.0,53.0,17.0,27.0,13.0,11.0,6.0,48.0,12.0,29.0,15.0,13.0,15.0,30.0,19.0,17.0,3.0,10.0,7.0,23.0,46.0,17.0,5.0,12.0,,,,,,3.0,,,,13.0,,,2.0,,,4.0,,,,,,,,,,2.0,,,,,826.0,666.0,,,451.0,,272.0,370.0,,,,,350.0,291.0,,264.0,,267.0,4063.0,229.0,,1230.0,,,209.0,1975.0,182.0,148.0,,,202.0,,,222.0,,,184.0,,,,1678.0,557.0,,,88.0,31.0,,,,,66.0,56.0,,919.0,,,,,,,1305.0,,,1263.0,,1096.0,64.0,,,1025.0,,,,878.0,,645.0,,597.0,855.0,,201.0,597.0,,6.0,284.0,495.0,242.0,119.0,185.0,,,
https://courses.openedu.ru/courses/course-v1:spbstu+PHYLOS+fall_2018/courseware/d49f80aa711548e58cf84c8f49340071/50a31805d2794fe8bbcd4a3108e6428f,78.0,40.0,137.0,63.0,91.0,40.0,54.0,67.0,22.0,27.0,359.0,22.0,70.0,22.0,23.0,34.0,3.0,7.0,,20.0,47.0,8.0,34.0,11.0,31.0,21.0,56.0,2.0,39.0,12.0,,22.0,31.0,18.0,2.0,3.0,12.0,,8.0,38.0,12.0,2.0,2.0,,5.0,,,,2.0,,2.0,3.0,11.0,,,2.0,,,,,,,,,,,2.0,,,,,,1.0,868.0,766.0,,2794.0,439.0,3250.0,178.0,450.0,1582.0,1558.0,3665.0,,460.0,18.0,148.0,185.0,1426.0,321.0,34.0,270.0,1047.0,104.0,,1575.0,239.0,123.0,244.0,251.0,2026.0,1608.0,153.0,,626.0,322.0,,712.0,123.0,455.0,648.0,,31.0,16.0,,1573.0,2.0,,,1383.0,,1386.0,9.0,8.0,411.0,65.0,,1071.0,,,799.0,829.0,31.0,1019.0,1116.0,44.0,73.0,42.0,11.0,713.0,176.0,45.0,113.0,,,30.0,,24.0,,13.0,60.0,,,11.0,,13.0,3.0,14.0,7.0,,7.0,,,
https://courses.openedu.ru/courses/course-v1:spbstu+PHYLOS+fall_2018/courseware/e773c67d4ced405ea7faadc27eb0665e/2cf5f79bbc44474496dff923b9b8e0fc,1212.0,934.0,697.0,1021.0,630.0,823.0,430.0,380.0,396.0,267.0,2128.0,515.0,234.0,134.0,183.0,155.0,103.0,94.0,194.0,146.0,165.0,37.0,80.0,171.0,59.0,36.0,249.0,71.0,128.0,94.0,58.0,167.0,66.0,81.0,44.0,43.0,109.0,49.0,12.0,167.0,27.0,6.0,57.0,,32.0,20.0,5.0,3.0,7.0,,,7.0,12.0,8.0,,,,,6.0,,10.0,158.0,,4.0,6.0,6.0,,,3.0,,,1.0,5.0,3990.0,,,,,,,3208.0,,,,,,,,2115.0,,,,2393.0,,,,,1571.0,,1459.0,1395.0,,,,,,,,,,,,,,,,,,,,,,,,,,,,,,,,,,,,,,,,,,,,,,,,,,,,,,,,,,,,,,,,
https://courses.openedu.ru/courses/course-v1:spbstu+PHYLOS+fall_2018/courseware/f93d7343f26644b790a026a0ab9161c4/81fb6dbfcff840dd90f8f56dc1e461db,67.0,70.0,152.0,95.0,84.0,88.0,79.0,27.0,51.0,38.0,564.0,39.0,67.0,17.0,25.0,21.0,35.0,18.0,,24.0,55.0,5.0,16.0,14.0,23.0,13.0,45.0,10.0,25.0,15.0,13.0,20.0,31.0,18.0,3.0,12.0,19.0,3.0,13.0,25.0,9.0,5.0,11.0,,11.0,,,,3.0,,,,8.0,,,3.0,,,11.0,,,,,,,,,,,,,,1.0,1091.0,1211.0,,,639.0,,3419.0,411.0,,,,,462.0,1463.0,,349.0,,353.0,,241.0,,,,,224.0,,182.0,240.0,,,296.0,,,290.0,,,194.0,,,,1812.0,2319.0,,,651.0,1068.0,,,,,630.0,695.0,,,,,,,,,,,,,,,462.0,,,,,,,,,,,,,,1217.0,,,,952.0,,783.0,701.0,593.0,,,
https://courses.openedu.ru/courses/course-v1:spbstu+PHYLOS+fall_2018/courseware/f84f15470d0e4bf0b049a0c9b487d48c/97d5e14e56c8412489d1f80f29b3c5fb,86.0,58.0,95.0,67.0,65.0,52.0,67.0,49.0,20.0,46.0,385.0,33.0,44.0,28.0,53.0,31.0,24.0,3.0,3.0,12.0,34.0,2.0,28.0,14.0,26.0,21.0,25.0,2.0,24.0,14.0,,7.0,16.0,8.0,2.0,2.0,5.0,,5.0,39.0,14.0,2.0,2.0,,19.0,,9.0,,2.0,,,,9.0,,,,,,3.0,,,,,,,4.0,,,,,,,,817.0,879.0,,2676.0,532.0,,265.0,397.0,1404.0,1768.0,,,465.0,42.0,3727.0,226.0,1493.0,328.0,153.0,189.0,1022.0,2229.0,,,157.0,794.0,255.0,181.0,,,229.0,,1169.0,249.0,,1188.0,203.0,1238.0,1057.0,,74.0,46.0,,,11.0,5.0,,,,,18.0,11.0,737.0,278.0,,,,,,,71.0,,,326.0,1040.0,403.0,7.0,,803.0,248.0,736.0,,,323.0,,104.0,,68.0,192.0,,15.0,38.0,,9.0,16.0,54.0,17.0,5.0,13.0,,,
https://courses.openedu.ru/courses/course-v1:spbstu+PHYLOS+fall_2018/courseware/b478970daebd4cf99b4787ff9459b76f/42d66ed398ba4af58bb88329f8c59c37,32.0,34.0,76.0,18.0,24.0,78.0,19.0,21.0,41.0,31.0,128.0,23.0,18.0,7.0,24.0,31.0,38.0,10.0,10.0,22.0,18.0,13.0,25.0,3.0,22.0,11.0,16.0,18.0,12.0,11.0,,10.0,11.0,7.0,3.0,8.0,23.0,4.0,10.0,4.0,10.0,19.0,2.0,3.0,3.0,26.0,6.0,6.0,5.0,9.0,23.0,4.0,14.0,22.0,16.0,2.0,,8.0,955.0,33.0,7.0,6.0,9.0,3.0,3.0,9.0,12.0,15.0,,2.0,5.0,12.0,,85.0,161.0,1888.0,237.0,66.0,374.0,84.0,81.0,182.0,245.0,169.0,370.0,81.0,52.0,74.0,41.0,214.0,66.0,69.0,43.0,139.0,83.0,792.0,211.0,18.0,132.0,69.0,29.0,175.0,239.0,68.0,480.0,124.0,51.0,1365.0,147.0,28.0,121.0,212.0,911.0,59.0,46.0,492.0,151.0,7.0,36.0,554.0,89.0,600.0,197.0,26.0,15.0,128.0,62.0,152.0,139.0,464.0,925.0,117.0,109.0,24.0,112.0,180.0,49.0,22.0,55.0,47.0,113.0,42.0,39.0,35.0,791.0,210.0,19.0,192.0,28.0,131.0,41.0,20.0,902.0,19.0,23.0,184.0,873.0,42.0,30.0,37.0,29.0,20.0,1091.0,,6.0
https://courses.openedu.ru/courses/course-v1:spbstu+PHYLOS+fall_2018/courseware/d577baef4d604c29a2b52f2e85803b0b/4f47d8e44c9d4d26bc43ba9fc85c1bde,56.0,39.0,57.0,41.0,59.0,34.0,31.0,33.0,16.0,20.0,220.0,13.0,35.0,23.0,18.0,19.0,7.0,3.0,,20.0,36.0,5.0,18.0,6.0,15.0,16.0,38.0,2.0,16.0,6.0,,6.0,14.0,16.0,2.0,3.0,4.0,,9.0,24.0,6.0,2.0,,4.0,6.0,,,,2.0,,,,4.0,,,2.0,,,3.0,,,,,,,,,,,,,,,555.0,573.0,,3124.0,251.0,,189.0,321.0,935.0,1655.0,1535.0,,230.0,31.0,586.0,166.0,978.0,178.0,85.0,144.0,610.0,298.0,,,128.0,182.0,149.0,114.0,,933.0,127.0,,583.0,163.0,,900.0,87.0,508.0,643.0,,51.0,33.0,,,5.0,13.0,,872.0,,,14.0,3.0,462.0,85.0,,,,,601.0,595.0,49.0,704.0,,41.0,234.0,99.0,8.0,494.0,203.0,47.0,165.0,,,70.0,,55.0,,36.0,65.0,,10.0,7.0,,3.0,11.0,23.0,10.0,1.0,6.0,,,
https://courses.openedu.ru/courses/course-v1:spbstu+PHYLOS+fall_2018/pdfbook/1,205.0,79.0,151.0,120.0,79.0,76.0,375.0,79.0,183.0,183.0,322.0,137.0,114.0,1036.0,669.0,106.0,751.0,504.0,295.0,767.0,569.0,339.0,446.0,152.0,255.0,325.0,53.0,326.0,419.0,616.0,348.0,1537.0,406.0,937.0,461.0,840.0,1750.0,213.0,,158.0,40.0,2.0,5.0,,10.0,11.0,,,50.0,,2.0,6.0,21.0,,8.0,182.0,,2.0,188.0,,144.0,,,,,,,,,,39.0,,,534.0,24.0,278.0,174.0,405.0,451.0,130.0,779.0,51.0,184.0,284.0,212.0,110.0,1001.0,87.0,33.0,201.0,287.0,639.0,322.0,82.0,103.0,258.0,83.0,43.0,348.0,206.0,92.0,159.0,76.0,8.0,212.0,104.0,83.0,250.0,519.0,16.0,40.0,96.0,265.0,235.0,337.0,89.0,66.0,152.0,117.0,207.0,386.0,155.0,48.0,24.0,78.0,65.0,121.0,225.0,372.0,289.0,240.0,74.0,147.0,50.0,190.0,116.0,78.0,20.0,12.0,198.0,158.0,12.0,44.0,84.0,323.0,138.0,65.0,62.0,112.0,81.0,124.0,29.0,407.0,680.0,81.0,81.0,352.0,16.0,199.0,82.0,151.0,38.0,438.0,,
https://courses.openedu.ru/courses/course-v1:spbstu+PHYLOS+fall_2018/courseware/d49f80aa711548e58cf84c8f49340071/03f05523982d412b918cc94c3b3c3be9,63.0,55.0,87.0,57.0,68.0,36.0,80.0,49.0,37.0,37.0,252.0,34.0,59.0,27.0,26.0,35.0,20.0,27.0,,29.0,45.0,14.0,67.0,21.0,41.0,27.0,46.0,14.0,40.0,26.0,5.0,18.0,26.0,45.0,22.0,3.0,16.0,4.0,11.0,22.0,13.0,8.0,3.0,,51.0,6.0,,,3.0,,7.0,3.0,6.0,,,6.0,,2.0,,,,,,,,,3.0,,,,,,,609.0,647.0,,2028.0,358.0,2324.0,164.0,326.0,1323.0,1134.0,2857.0,,335.0,30.0,188.0,155.0,1117.0,238.0,73.0,203.0,739.0,151.0,,1243.0,164.0,131.0,154.0,153.0,1340.0,1169.0,191.0,,501.0,201.0,,574.0,145.0,376.0,465.0,,66.0,32.0,,1104.0,28.0,1.0,,985.0,,1030.0,21.0,19.0,314.0,72.0,,890.0,,,581.0,603.0,51.0,783.0,829.0,63.0,61.0,64.0,24.0,542.0,109.0,25.0,86.0,,,29.0,,36.0,,18.0,52.0,,34.0,12.0,,10.0,18.0,22.0,25.0,1.0,9.0,,,
https://courses.openedu.ru/courses/course-v1:spbstu+PHYLOS+fall_2018/courseware/e4380cc6275d4cda94980a3a63859369/23dd4c0cb2bb42969163ac6e234e9151,67.0,24.0,61.0,50.0,67.0,23.0,26.0,24.0,19.0,31.0,244.0,21.0,45.0,14.0,13.0,15.0,3.0,2.0,,16.0,28.0,6.0,12.0,6.0,18.0,6.0,19.0,2.0,18.0,15.0,8.0,5.0,15.0,8.0,12.0,3.0,5.0,,5.0,24.0,6.0,2.0,6.0,,12.0,3.0,,,2.0,,1.0,2.0,6.0,2.0,,2.0,,,1.0,,,,,,,,,,,,,,,544.0,508.0,,,281.0,,156.0,265.0,1038.0,1086.0,,,277.0,43.0,1139.0,149.0,,238.0,697.0,135.0,781.0,1066.0,,,85.0,2872.0,126.0,101.0,,,103.0,,,154.0,,,95.0,,,,325.0,100.0,,,5.0,8.0,,,,,35.0,7.0,,1179.0,,,,,,,323.0,,,1057.0,553.0,590.0,10.0,,516.0,705.0,448.0,,,453.0,,302.0,,229.0,526.0,,35.0,159.0,,3.0,60.0,152.0,34.0,12.0,27.0,,,
https://courses.openedu.ru/courses/course-v1:spbstu+PHYLOS+fall_2018/courseware/c74568c00f9f4d65a99d23d310030902/14083491c2804ae9a42b839d9cf749d4,785.0,590.0,479.0,352.0,412.0,619.0,211.0,132.0,273.0,149.0,1484.0,122.0,132.0,56.0,82.0,73.0,19.0,59.0,36.0,60.0,61.0,8.0,24.0,74.0,50.0,14.0,137.0,33.0,45.0,26.0,28.0,33.0,48.0,47.0,38.0,24.0,31.0,4.0,12.0,130.0,11.0,5.0,16.0,1.0,,14.0,,,7.0,,,,6.0,,4.0,,,,10.0,,,,,4.0,,,1.0,,,,,,,2739.0,,,,,,,2319.0,,,,,,,,1515.0,,,,1686.0,,,,,1001.0,,1029.0,962.0,,,,,,,,,,,,,,,,,,,,,,,,,,,,,,,,,,,,,,,,,,,,,,,,,,,,,,,,,,,,,,,5.0,
https://courses.openedu.ru/courses/course-v1:spbstu+PHYLOS+fall_2018/courseware/e773c67d4ced405ea7faadc27eb0665e/2e5be0a197aa463a9f478ec4043a91d4,777.0,581.0,473.0,409.0,405.0,597.0,224.0,136.0,234.0,158.0,1382.0,137.0,146.0,75.0,80.0,77.0,24.0,55.0,40.0,86.0,56.0,29.0,29.0,97.0,45.0,27.0,135.0,56.0,52.0,31.0,35.0,37.0,51.0,63.0,37.0,14.0,18.0,11.0,13.0,170.0,6.0,5.0,19.0,1.0,9.0,8.0,2.0,,3.0,,,3.0,6.0,,,2.0,,,6.0,3.0,,,3.0,,,,,,,,,,5.0,2681.0,,,,,,,2136.0,,,,,,,,1404.0,,,,1483.0,,,,,933.0,,977.0,869.0,,,,,,,,,,,,,,,,,,,,,,,,,,,,,,,,,,,,,,,,,,,,,,,,,,,,,,,,,,,,,,,,
https://courses.openedu.ru/courses/course-v1:spbstu+PHYLOS+fall_2018/courseware/4e55c94c778240c4a378c13d7bae252e/28507e29bbf34193a6f4890c815a987d,63.0,26.0,58.0,46.0,52.0,35.0,43.0,35.0,23.0,29.0,367.0,23.0,59.0,7.0,19.0,16.0,11.0,3.0,,18.0,32.0,8.0,17.0,17.0,9.0,12.0,28.0,3.0,15.0,8.0,3.0,11.0,16.0,7.0,11.0,4.0,6.0,3.0,12.0,19.0,5.0,2.0,7.0,,4.0,3.0,,,2.0,,,,5.0,,,2.0,,,5.0,,,,,,,,,,,1.0,,,,613.0,500.0,,,329.0,,227.0,323.0,,,,,228.0,310.0,,236.0,,208.0,2767.0,145.0,,784.0,,,136.0,1346.0,142.0,117.0,,,105.0,,,167.0,,,118.0,,,,1295.0,601.0,,,71.0,60.0,,,,,44.0,44.0,,836.0,,,,,,,890.0,,,784.0,,711.0,20.0,,,671.0,,,,574.0,,517.0,,498.0,566.0,,244.0,439.0,,,239.0,372.0,203.0,150.0,187.0,,,
https://courses.openedu.ru/courses/course-v1:spbstu+PHYLOS+fall_2018/courseware/d4506cc6380b4f50a8919cc6300f2017/146dfa703f1a47f7a35af2265de94c98,231.0,164.0,242.0,190.0,160.0,190.0,116.0,68.0,88.0,52.0,1368.0,76.0,112.0,27.0,53.0,31.0,30.0,28.0,25.0,47.0,60.0,4.0,37.0,56.0,47.0,22.0,43.0,14.0,18.0,13.0,19.0,15.0,38.0,33.0,21.0,14.0,13.0,10.0,21.0,44.0,16.0,4.0,13.0,1.0,11.0,5.0,,,3.0,,,1.0,6.0,,5.0,7.0,,,9.0,,,,,,,,,,,,3.0,,,2591.0,2508.0,,,1716.0,,,1000.0,,,,,1337.0,,,937.0,,1089.0,,638.0,,,,,596.0,,618.0,595.0,,,810.0,,,791.0,,,786.0,,,,,,,,,,,,,,,,,,,,,,,,,,,,,,,,,,,,,,,,,,,,,,,,,,,,,,,
https://courses.openedu.ru/courses/course-v1:spbstu+PHYLOS+fall_2018/courseware/f26a89c3f158458dbfaf318ffd645fd5/f71d7f9ad9b3496eb14b4b9d4860e5ac,207.0,115.0,214.0,130.0,166.0,189.0,110.0,58.0,96.0,45.0,1193.0,68.0,127.0,56.0,45.0,37.0,40.0,20.0,21.0,32.0,43.0,6.0,40.0,54.0,42.0,21.0,43.0,14.0,25.0,16.0,19.0,13.0,39.0,27.0,13.0,12.0,29.0,6.0,6.0,44.0,16.0,11.0,11.0,,13.0,7.0,2.0,,3.0,,,,6.0,,,2.0,3.0,,6.0,,,,,,,,,,,,,,,2474.0,2762.0,,,1907.0,,,1034.0,,,,,1424.0,,,925.0,,1148.0,,644.0,,,,,563.0,,527.0,558.0,,,953.0,,,812.0,,,904.0,,,,,,,,,,,,,,,,,,,,,,,,,,,,,,,,,,,,,,,,,,,,,,,,,,,,,,,
https://courses.openedu.ru/courses/course-v1:spbstu+PHYLOS+fall_2018/courseware/e7680f87e11641aa96d1d02e875466de/59acbbf99f9e47a29b55eb8c5d7de683,46.0,46.0,81.0,68.0,47.0,35.0,40.0,21.0,24.0,21.0,325.0,17.0,50.0,9.0,16.0,20.0,14.0,5.0,,4.0,22.0,25.0,12.0,16.0,6.0,8.0,27.0,9.0,22.0,10.0,3.0,5.0,12.0,8.0,8.0,5.0,10.0,3.0,15.0,20.0,3.0,2.0,12.0,,5.0,,,,2.0,,,,4.0,,,,,,10.0,,,,,,,,2.0,,,,,,,615.0,621.0,,,303.0,,711.0,264.0,,,,,246.0,1377.0,,197.0,,229.0,1619.0,143.0,,,,,145.0,,131.0,143.0,,,107.0,,,166.0,,,108.0,,,,1077.0,2571.0,,,281.0,260.0,,,,,253.0,180.0,,801.0,,,,,,,914.0,,,,,,182.0,,,,,,,,,643.0,,645.0,,,891.0,568.0,,,447.0,450.0,413.0,425.0,377.0,,,
https://courses.openedu.ru/courses/course-v1:spbstu+PHYLOS+fall_2018/courseware/1c7d88a820db46d093be188edfe325d6/9681d5c4de6342d08e4bcc7e5833c733,65.0,31.0,66.0,48.0,41.0,37.0,50.0,18.0,23.0,24.0,298.0,17.0,47.0,7.0,18.0,31.0,22.0,11.0,,16.0,38.0,5.0,10.0,14.0,7.0,8.0,22.0,6.0,12.0,8.0,6.0,8.0,15.0,8.0,8.0,2.0,9.0,,12.0,23.0,8.0,2.0,7.0,,11.0,,,,2.0,,1.0,,4.0,2.0,,,,,,,,,1.0,,,3.0,,,,2.0,,,,531.0,413.0,,,240.0,,133.0,266.0,,,,,254.0,133.0,,163.0,,196.0,2590.0,139.0,,895.0,,,101.0,1491.0,109.0,106.0,,,90.0,,,136.0,,,81.0,,,,1136.0,199.0,,,23.0,20.0,,,,,32.0,27.0,,707.0,,,,,,,904.0,,,806.0,,736.0,32.0,,,663.0,,,,604.0,,376.0,,425.0,563.0,,85.0,395.0,,4.0,155.0,320.0,88.0,53.0,75.0,,,3.0
https://courses.openedu.ru/courses/course-v1:spbstu+PHYLOS+fall_2018/courseware/f93d7343f26644b790a026a0ab9161c4/a11de3f9f44443e4a09f668abe2c3dd1,66.0,56.0,97.0,59.0,53.0,69.0,48.0,17.0,28.0,11.0,400.0,36.0,84.0,12.0,19.0,22.0,29.0,8.0,3.0,16.0,21.0,4.0,9.0,17.0,10.0,13.0,25.0,3.0,14.0,6.0,5.0,8.0,14.0,12.0,7.0,11.0,14.0,,8.0,33.0,5.0,2.0,8.0,,10.0,2.0,,1.0,2.0,,,,6.0,,2.0,,,,4.0,,,,,2.0,2.0,,2.0,,,,,,,812.0,955.0,,,556.0,,2351.0,348.0,,,,,332.0,1301.0,,282.0,,322.0,,172.0,,,,,146.0,,179.0,168.0,,,214.0,,,230.0,,,223.0,,,,1068.0,1532.0,,,533.0,786.0,,,,,481.0,526.0,,,,,,,,,,,,,,,380.0,,,,,,,,,,,,,,710.0,,,,571.0,,460.0,439.0,383.0,,,
https://courses.openedu.ru/courses/course-v1:spbstu+PHYLOS+fall_2018/courseware/fec67eb9c2134f3ebafdb3375781137f/06f0ee448ad4480ea637ff0c37e202b8,105.0,86.0,149.0,75.0,79.0,108.0,108.0,48.0,36.0,53.0,779.0,38.0,98.0,41.0,29.0,22.0,28.0,22.0,,31.0,48.0,14.0,11.0,24.0,33.0,18.0,47.0,11.0,29.0,12.0,13.0,12.0,38.0,30.0,3.0,12.0,13.0,5.0,7.0,60.0,12.0,5.0,17.0,,7.0,4.0,7.0,,3.0,,,,6.0,,,2.0,,,20.0,,5.0,,,,,,,,,,,,,1578.0,1346.0,,,1647.0,,2476.0,834.0,,,,,821.0,2138.0,,572.0,,669.0,,429.0,,,,,354.0,,300.0,338.0,,,604.0,,,497.0,,,557.0,,,,,,,,1132.0,1130.0,,,,,1056.0,998.0,,,,,,,,,,,,,,,685.0,,,,,,,,,,,,,,,,,,,,,,,,,
https://courses.openedu.ru/courses/course-v1:spbstu+PHYLOS+fall_2018/courseware/cf94d3e1e7814b9d9e503355ae55e620/6fd44bc4aa854265a19adc0a2822d05c,116.0,91.0,167.0,121.0,135.0,107.0,82.0,57.0,62.0,45.0,887.0,59.0,113.0,20.0,28.0,25.0,24.0,32.0,5.0,37.0,56.0,16.0,20.0,42.0,53.0,15.0,40.0,14.0,23.0,15.0,10.0,11.0,43.0,22.0,6.0,13.0,13.0,7.0,8.0,46.0,10.0,8.0,10.0,,13.0,,4.0,,3.0,,,,6.0,,,,,,21.0,,,,,,,,,8.0,,,,,,1753.0,1337.0,,,1555.0,,2161.0,868.0,,,,,769.0,1836.0,,624.0,,600.0,,394.0,,,,,369.0,,330.0,382.0,,,577.0,,,610.0,,,506.0,,,,,,,,1051.0,982.0,,,,,925.0,872.0,,,,,,,,,,,,,,,613.0,,,,,,,,,,,,,,,,,,,,,,,,,
https://courses.openedu.ru/courses/course-v1:spbstu+PHYLOS+fall_2018/courseware/fec67eb9c2134f3ebafdb3375781137f/01d8fbb0dba74cffa4e947cfe1622536,72.0,80.0,152.0,78.0,74.0,79.0,58.0,32.0,27.0,25.0,586.0,38.0,89.0,15.0,20.0,22.0,21.0,22.0,,13.0,26.0,13.0,12.0,19.0,21.0,12.0,33.0,7.0,18.0,10.0,6.0,6.0,27.0,19.0,10.0,9.0,5.0,,5.0,39.0,5.0,2.0,11.0,,15.0,2.0,6.0,,2.0,,,,5.0,,,3.0,,,11.0,,,,,,,,,,,,,,,1292.0,1038.0,,,1228.0,,1979.0,589.0,,,,,642.0,1636.0,,419.0,,528.0,,313.0,,,,,265.0,,255.0,272.0,,,423.0,,,372.0,,,422.0,,,,,,,,907.0,925.0,,,,,772.0,718.0,,,,,,,,,,,,,,,520.0,,,,,,,,,,,,,,,,,,,,,,,,,
https://courses.openedu.ru/courses/course-v1:spbstu+PHYLOS+fall_2018/courseware/cf94d3e1e7814b9d9e503355ae55e620/67c495206aaa4903a1f7cd9f77590849,78.0,97.0,116.0,79.0,96.0,75.0,54.0,32.0,40.0,20.0,588.0,32.0,93.0,14.0,22.0,23.0,14.0,9.0,3.0,10.0,25.0,7.0,6.0,28.0,19.0,17.0,22.0,5.0,13.0,7.0,9.0,6.0,20.0,13.0,8.0,8.0,8.0,3.0,8.0,42.0,3.0,4.0,10.0,,16.0,3.0,,1.0,2.0,,,,4.0,,,,,,10.0,,,,,,,,,,,,,,,1295.0,1439.0,,,1126.0,,1463.0,599.0,,,,,670.0,1138.0,,453.0,,560.0,,311.0,,,,,245.0,,261.0,298.0,,,416.0,,,397.0,,,469.0,,,,,,,,678.0,663.0,,,,,640.0,568.0,,,,,,,,,,,,,,,414.0,,,,,,,,,,,,,,,,,,,,,,,,,
https://courses.openedu.ru/courses/course-v1:spbstu+PHYLOS+fall_2018/courseware/e773c67d4ced405ea7faadc27eb0665e/a3ba1bc50b43487a9b9ebffe8230a267,660.0,598.0,508.0,417.0,395.0,624.0,208.0,173.0,258.0,166.0,1464.0,161.0,164.0,55.0,95.0,67.0,36.0,39.0,38.0,36.0,45.0,40.0,48.0,120.0,53.0,27.0,130.0,53.0,58.0,9.0,32.0,44.0,51.0,41.0,29.0,26.0,23.0,23.0,14.0,100.0,14.0,2.0,14.0,,10.0,9.0,5.0,,2.0,,3.0,2.0,6.0,,,2.0,,,2.0,7.0,3.0,,2.0,,,,,,,,,,2.0,1939.0,,,,,,,1278.0,,,,,,,,1028.0,,,,983.0,,,,,666.0,,638.0,614.0,,,,,,,,,,,,,,,,,,,,,,,,,,,,,,,,,,,,,,,,,,,,,,,,,,,,,,,,,,,,,,,,
https://courses.openedu.ru/courses/course-v1:spbstu+PHYLOS+fall_2018/courseware/c74568c00f9f4d65a99d23d310030902/2bb4c321a95340e69b1613919a1eb39c,479.0,365.0,289.0,203.0,269.0,361.0,122.0,105.0,174.0,121.0,881.0,79.0,88.0,35.0,37.0,64.0,14.0,24.0,17.0,23.0,24.0,5.0,8.0,48.0,26.0,5.0,79.0,20.0,30.0,17.0,12.0,25.0,25.0,21.0,25.0,10.0,13.0,2.0,7.0,80.0,3.0,2.0,13.0,,3.0,7.0,,1.0,2.0,4.0,,,4.0,,,,,,5.0,,,3.0,,1.0,,,,,,,,,,1728.0,,,,,,,1387.0,,,,,,,,937.0,,,,1051.0,,,,,614.0,,643.0,580.0,,,,,,,,,,,,,,,,,,,,,,,,,,,,,,,,,,,,,,,,,,,,,,,,,,,,,,,,,,,,,,,,
https://courses.openedu.ru/courses/course-v1:spbstu+PHYLOS+fall_2018/courseware/f26a89c3f158458dbfaf318ffd645fd5/3d1b856a452a4a459f94320cf0df3be8,145.0,80.0,175.0,85.0,94.0,109.0,58.0,37.0,55.0,20.0,820.0,39.0,79.0,12.0,18.0,25.0,22.0,5.0,12.0,11.0,26.0,8.0,16.0,24.0,22.0,10.0,30.0,12.0,17.0,8.0,8.0,9.0,17.0,15.0,10.0,10.0,7.0,,7.0,29.0,9.0,4.0,6.0,2.0,12.0,3.0,,,2.0,,,2.0,3.0,,,2.0,1.0,,4.0,,,,,,,,,,,,,,,1650.0,1725.0,,,1181.0,,,711.0,,,,,931.0,,,602.0,,703.0,,414.0,,,,,341.0,,331.0,344.0,,,565.0,,,502.0,,,606.0,,,,,,,,,,,,,,,,,,,,,,,,,,,,,,,,,,,,,,,,,,,,,,,,,,,,,,,
https://courses.openedu.ru/courses/course-v1:spbstu+PHYLOS+fall_2018/courseware/d4506cc6380b4f50a8919cc6300f2017/cb5d6874dd144a3aa68db0c905997857,265.0,145.0,208.0,159.0,144.0,194.0,69.0,48.0,80.0,48.0,970.0,62.0,92.0,20.0,20.0,23.0,20.0,13.0,14.0,17.0,21.0,11.0,16.0,28.0,20.0,8.0,32.0,6.0,16.0,6.0,18.0,14.0,18.0,18.0,12.0,6.0,16.0,14.0,15.0,35.0,6.0,2.0,9.0,,10.0,4.0,,,2.0,,,,5.0,,2.0,,,,3.0,,2.0,,,,,,,,,,1.0,,,1766.0,1466.0,,,1293.0,,,1019.0,,,,,877.0,,,713.0,,701.0,,604.0,,,,,468.0,,492.0,457.0,,,571.0,,,536.0,,,630.0,,,,,,,,,,,,,,,,,,,,,,,,,,,,,,,,,,,,,,,,,,,,,,,,,,,,,,,
https://courses.openedu.ru/courses/course-v1:spbstu+PHYLOS+fall_2018/courseware/405292181ca94b01988eacafcfacb16d/c8a22e2e81004be78b01e25deaf3e130,7.0,8.0,6.0,7.0,11.0,7.0,28.0,11.0,2.0,15.0,55.0,9.0,2.0,4.0,3.0,6.0,3.0,10.0,5.0,21.0,4.0,,2.0,6.0,,10.0,5.0,11.0,5.0,2.0,,3.0,,22.0,,4.0,,,1.0,7.0,3.0,6.0,9.0,,10.0,6.0,11.0,,,3.0,,3.0,10.0,,,,,,458.0,,3.0,5.0,,,,,2.0,2.0,3.0,,,,,37.0,59.0,997.0,97.0,33.0,144.0,30.0,18.0,111.0,199.0,77.0,158.0,39.0,18.0,12.0,18.0,79.0,34.0,27.0,16.0,71.0,34.0,388.0,98.0,10.0,24.0,24.0,10.0,135.0,94.0,17.0,218.0,61.0,28.0,778.0,60.0,15.0,54.0,68.0,431.0,23.0,22.0,302.0,71.0,5.0,9.0,298.0,64.0,356.0,107.0,5.0,19.0,52.0,26.0,53.0,64.0,253.0,486.0,87.0,67.0,12.0,44.0,52.0,19.0,8.0,25.0,7.0,80.0,21.0,24.0,18.0,443.0,100.0,10.0,78.0,27.0,66.0,23.0,14.0,485.0,10.0,10.0,93.0,411.0,11.0,10.0,24.0,,6.0,598.0,,
https://courses.openedu.ru/courses/course-v1:spbstu+PHYLOS+fall_2018/courseware/203c4f4d74774548a7ae5d14228720cc/7de2c950cbbc4804b186ce8512732f5b,87.0,137.0,123.0,160.0,124.0,113.0,73.0,40.0,53.0,76.0,521.0,45.0,74.0,29.0,29.0,39.0,39.0,20.0,13.0,35.0,22.0,11.0,22.0,9.0,23.0,12.0,20.0,16.0,14.0,3.0,10.0,7.0,14.0,19.0,6.0,10.0,20.0,5.0,3.0,11.0,1.0,,,,5.0,14.0,,2.0,7.0,,3.0,,,1.0,,2.0,3.0,2.0,292.0,,3.0,,1.0,,2.0,6.0,,,,,,,,749.0,261.0,1163.0,587.0,350.0,717.0,232.0,281.0,386.0,437.0,519.0,823.0,144.0,212.0,228.0,347.0,348.0,161.0,316.0,155.0,188.0,187.0,604.0,293.0,224.0,270.0,198.0,177.0,460.0,388.0,154.0,306.0,250.0,195.0,875.0,341.0,112.0,242.0,263.0,374.0,176.0,199.0,396.0,259.0,93.0,95.0,416.0,288.0,378.0,337.0,99.0,84.0,154.0,135.0,359.0,211.0,245.0,517.0,234.0,232.0,141.0,225.0,247.0,168.0,134.0,108.0,98.0,198.0,140.0,100.0,96.0,303.0,255.0,95.0,205.0,104.0,238.0,88.0,102.0,283.0,99.0,102.0,220.0,272.0,77.0,67.0,58.0,82.0,55.0,219.0,,2.0
https://courses.openedu.ru/courses/course-v1:spbstu+PHYLOS+fall_2018/courseware/352a6a7d0b354a5a916f9685c4ecb3be/b5dafb9c62d847efb82b33407d7f259c,214.0,239.0,222.0,327.0,304.0,251.0,147.0,82.0,90.0,129.0,920.0,66.0,55.0,53.0,40.0,20.0,38.0,33.0,22.0,31.0,52.0,43.0,55.0,19.0,29.0,10.0,28.0,30.0,19.0,21.0,10.0,6.0,16.0,26.0,15.0,18.0,18.0,21.0,9.0,18.0,9.0,5.0,,3.0,15.0,12.0,1.0,,3.0,,4.0,1.0,6.0,,,5.0,1.0,,4.0,3.0,3.0,,3.0,2.0,,6.0,,3.0,2.0,,,,,1178.0,763.0,,,773.0,,699.0,625.0,,,,,409.0,586.0,804.0,546.0,,391.0,925.0,411.0,586.0,620.0,,,362.0,905.0,339.0,347.0,,,338.0,,,310.0,,,337.0,,,,675.0,739.0,,,265.0,266.0,,,,,298.0,273.0,,474.0,,,,,,,472.0,,,390.0,410.0,370.0,204.0,,394.0,391.0,303.0,,,313.0,,346.0,,306.0,346.0,,313.0,321.0,,,223.0,195.0,242.0,239.0,204.0,,1.0,
https://courses.openedu.ru/courses/course-v1:spbstu+PHYLOS+fall_2018/courseware/b478970daebd4cf99b4787ff9459b76f/b103db95cde14c87bea5c859215c80bc,18.0,20.0,18.0,9.0,10.0,38.0,16.0,20.0,7.0,12.0,108.0,15.0,14.0,1.0,,15.0,8.0,,,10.0,2.0,6.0,13.0,2.0,5.0,3.0,,7.0,5.0,,3.0,3.0,10.0,12.0,,4.0,15.0,2.0,3.0,2.0,2.0,2.0,2.0,,2.0,7.0,3.0,4.0,3.0,7.0,2.0,,5.0,,,,,,326.0,,3.0,2.0,8.0,,,,,,,,,,,47.0,54.0,766.0,96.0,35.0,137.0,23.0,70.0,90.0,113.0,94.0,152.0,28.0,35.0,37.0,18.0,104.0,51.0,35.0,12.0,53.0,28.0,405.0,123.0,19.0,67.0,24.0,12.0,86.0,75.0,53.0,157.0,43.0,38.0,590.0,44.0,1.0,49.0,66.0,371.0,21.0,24.0,207.0,61.0,12.0,6.0,235.0,40.0,240.0,91.0,27.0,10.0,63.0,36.0,67.0,71.0,148.0,396.0,46.0,51.0,20.0,51.0,74.0,29.0,15.0,34.0,9.0,53.0,11.0,14.0,8.0,385.0,86.0,9.0,56.0,17.0,68.0,18.0,10.0,382.0,12.0,12.0,77.0,298.0,14.0,4.0,22.0,9.0,8.0,484.0,2.0,2.0
https://courses.openedu.ru/courses/course-v1:spbstu+PHYLOS+fall_2018/courseware/b478970daebd4cf99b4787ff9459b76f/1cab2398d18b434489c21eea86b14f68,6.0,30.0,9.0,8.0,14.0,19.0,20.0,13.0,8.0,27.0,43.0,10.0,20.0,4.0,6.0,9.0,17.0,16.0,10.0,6.0,7.0,9.0,6.0,12.0,10.0,4.0,3.0,5.0,8.0,6.0,,9.0,1.0,10.0,3.0,5.0,6.0,,4.0,3.0,3.0,4.0,5.0,11.0,8.0,10.0,7.0,2.0,,5.0,,,5.0,,,3.0,,,245.0,3.0,4.0,5.0,2.0,,,,,,,,,,,35.0,23.0,459.0,32.0,28.0,74.0,9.0,41.0,42.0,86.0,53.0,98.0,12.0,21.0,16.0,4.0,47.0,43.0,11.0,21.0,31.0,9.0,181.0,57.0,10.0,42.0,22.0,8.0,47.0,35.0,17.0,123.0,43.0,16.0,309.0,22.0,3.0,26.0,45.0,258.0,14.0,5.0,122.0,48.0,2.0,,153.0,25.0,156.0,47.0,5.0,,33.0,10.0,37.0,50.0,96.0,292.0,28.0,30.0,5.0,25.0,35.0,17.0,13.0,18.0,11.0,38.0,16.0,13.0,6.0,247.0,77.0,8.0,41.0,8.0,49.0,9.0,8.0,279.0,15.0,7.0,47.0,222.0,12.0,2.0,15.0,2.0,2.0,334.0,,1.0
https://courses.openedu.ru/courses/course-v1:spbstu+PHYLOS+fall_2018/courseware/b478970daebd4cf99b4787ff9459b76f/c3aee03f6ce145f0955be08f628d0ec9,7.0,22.0,4.0,2.0,2.0,8.0,11.0,8.0,3.0,15.0,43.0,,5.0,,1.0,4.0,,8.0,8.0,3.0,10.0,,,2.0,5.0,,,4.0,5.0,7.0,,1.0,,4.0,,,1.0,,,,1.0,3.0,2.0,3.0,7.0,7.0,5.0,,,2.0,,,11.0,,,3.0,,,218.0,,,2.0,,,,,,,,,,,,11.0,17.0,390.0,32.0,7.0,55.0,9.0,11.0,41.0,86.0,26.0,72.0,5.0,4.0,6.0,4.0,30.0,14.0,8.0,8.0,28.0,4.0,146.0,50.0,6.0,10.0,13.0,1.0,83.0,28.0,18.0,112.0,35.0,33.0,277.0,14.0,7.0,30.0,31.0,220.0,8.0,14.0,117.0,42.0,2.0,7.0,129.0,18.0,130.0,36.0,3.0,5.0,22.0,11.0,35.0,58.0,74.0,231.0,31.0,32.0,2.0,18.0,40.0,3.0,,13.0,4.0,45.0,8.0,8.0,6.0,210.0,65.0,3.0,33.0,4.0,43.0,,10.0,234.0,,8.0,34.0,234.0,10.0,,12.0,,2.0,282.0,,
https://courses.openedu.ru/courses/course-v1:spbstu+PHYLOS+fall_2018/info,1.0,5.0,4.0,1.0,1.0,7.0,,3.0,,3.0,8.0,1.0,1.0,1.0,1.0,3.0,2.0,,1.0,4.0,7.0,,,,2.0,,,1.0,1.0,1.0,,,,2.0,,,2.0,1.0,1.0,3.0,3.0,1.0,1.0,,2.0,2.0,1.0,,,2.0,1.0,3.0,,,,,1.0,,7.0,,2.0,,,,,,,,,,,1.0,,4.0,10.0,22.0,8.0,3.0,13.0,5.0,4.0,6.0,8.0,11.0,9.0,2.0,3.0,6.0,7.0,4.0,3.0,1.0,3.0,9.0,2.0,6.0,6.0,2.0,4.0,4.0,2.0,11.0,5.0,7.0,14.0,2.0,6.0,12.0,5.0,1.0,1.0,2.0,7.0,5.0,8.0,15.0,7.0,4.0,,14.0,5.0,5.0,4.0,2.0,2.0,3.0,8.0,9.0,6.0,5.0,10.0,4.0,3.0,5.0,4.0,5.0,7.0,2.0,6.0,2.0,5.0,3.0,4.0,,9.0,3.0,1.0,1.0,2.0,5.0,3.0,2.0,10.0,4.0,2.0,1.0,9.0,1.0,1.0,3.0,3.0,3.0,13.0,,
https://courses.openedu.ru/courses/course-v1:spbstu+PHYLOS+fall_2018/bookmarks,,,,,,7.0,,,1.0,,7.0,,,,,,,,,,,,,,,,,,,,,,,,,,,,,,,,,,,,,,,,,,,,,,,,,,,,,,,,,,,,,,,,2.0,,2.0,,,,,,,,3.0,,1.0,,1.0,,,,,1.0,,,,,,,1.0,,,,,,,2.0,2.0,,,,3.0,,,1.0,3.0,,,,2.0,,,,,,,,,,,,,,,1.0,,,,,,,,,1.0,,,,,,,,,,,2.0,4.0,,,,,,,,
https://courses.openedu.ru/courses/course-v1:spbstu+PHYLOS+fall_2018/courseware/0bd71bc4466b4fdba2e282efa76d6602/546cacb662514e9a88f37cc1de1dd1b1/1,,,,,,4.0,,,2.0,,5.0,,,,,,,,,,,,,,,,,,,,,,,,,,,,,,,,,,,,,,,,,,,,,,,,,,,,,,,,,,,,,,,,,,,,,,,,,,,,,,,,,,,,,,,,,,,,,,,,,,,,,,,,,,,,,,,,,,,,,,,,,,,,,,,,,,,,,,,,,,,,,,,,,,,,,,,,,,
https://courses.openedu.ru/courses/course-v1:spbstu+PHYLOS+fall_2018/courseware/0bd71bc4466b4fdba2e282efa76d6602/c96bd0ce89de46d5b63bff61613e55f3/1,,,,,,2.0,,,,,4.0,,,,,,,,,,,,,,,,,,,,,,,,,,,,,,,,,,,,,,,,,,,,,,,,,,,,,,,,,,,,,,,,,,,,,,,,,,,,,,,,,,,,,,,,,,,,,,,,,,,,,,,,,,,,,,,,,,,,,,,,,,,,,,,,,,,,,,,,,,,,,,,,,,,,,,,,,,
https://courses.openedu.ru/courses/course-v1:spbstu+PHYLOS+fall_2018/courseware/0bd71bc4466b4fdba2e282efa76d6602/76d906d958bf4204aa541241602091b6/1,,,,,,,,,,,5.0,,,,,,,,,,,,,,,,,,,,,,,,,,,,,,,,,,,,,,,,,,,,,,,,,,,,,,,,,,,,,,,,,,,,,,,,,,,,,,,,,,,,,,,,,,,,,,,,,,,,,,,,,,,,,,,,,,,,,,,,,,,,,,,,,,,,,,,,,,,,,,,,,,,,,,,,,,
https://courses.openedu.ru/courses/course-v1:spbstu+PHYLOS+fall_2018/courseware/4e55c94c778240c4a378c13d7bae252e/28507e29bbf34193a6f4890c815a987d/1,,,,,,,,,,,,,,,,,,,,,,,,,,,,,,,,,,,,,,,,,,,,,,,,,,,,,,,,,,,,,,,,,,,,,,,,,,,4.0,,,,,,,,,,,,,,,,,,,,,,,,,,,,,,,,,,,,,,,,,,,,,,,,,,,,,,,,,,,,,,,,,,,,,,,,,,,,,,,,,,,,,,,,,,
https://courses.openedu.ru/courses/course-v1:spbstu+PHYLOS+fall_2018/courseware/4e55c94c778240c4a378c13d7bae252e/47612f08e6f44edca5063576a65dedf0/4,,,,,,,,,,,,,,,,,,,,,,,,,,,,,,,,,,,,,,,,,,,,,,,,,,,,,,,,,,,,,,,,,,,,,,,,,,,2.0,,,,,,,,,,,,,,,,,,,,,,,,,,,,,,,,,,,,,,,,,,,,,,,,,,,,,,,,,,,,,,,,,,,,,,,,,,,,,,,,,,,,,,,,,,
https://courses.openedu.ru/courses/course-v1:spbstu+PHYLOS+fall_2018/courseware/a1b314bc847145cdbbce7722cf290a46/2e34698ee1a243c29453e69e85f9d4ea/1,,,,,,,,,,,,,,,,,,,,,,,,,,,,,,,,,,,,,,,,,,,,,,,,,,,,,,,,,,,,,,,,,,,,,,,,,,,,,3.0,,,,,,,,,,,,,,,,,,,,,,,,,,,,,,,,,,,,,,,,,,,,,,,,,,,,,,,,,,,,,,,,,,,,16.0,,,,,,,,,,,,,,,,,,,,
https://courses.openedu.ru/courses/course-v1:spbstu+PHYLOS+fall_2018/courseware/d577baef4d604c29a2b52f2e85803b0b/0d1af864fcfc460293e5a5663f81e018/1,,,,,,,,,,,,,,,,,,,,,,,,,,,,,,,,,,,,,,,,,,,,,,,,,,,,,,,,,,,,,,,,,,,,,,,,,,,,,4.0,,,,,,,,,,,,,,,,,,,,,,,,,,,,,,,,,,,,,,,,,,,,,,,,,,,,,,,,,,,,,,,,,,,,,,,,,,,,,,,,,,,,,,,,
https://courses.openedu.ru/courses/course-v1:spbstu+PHYLOS+fall_2018/courseware/d577baef4d604c29a2b52f2e85803b0b/4f47d8e44c9d4d26bc43ba9fc85c1bde/1,,,,,,,,,,,,,,,,,,,,,,,,,,,,,,,,,,,,,,,,,,,,,,,,,,,,,,,,,,,,,,,,,,,,,,,,,,,,,3.0,,,,,,,,,,,,,,,,,,,,,,,,,,,,,,,,,,,,,,,,,,,,,,,,,,,,,,,,,,,,,,,,,,,,,,,,,,,,,,,,,,,,,,,,
https://courses.openedu.ru/courses/course-v1:spbstu+PHYLOS+fall_2018/courseware/88cd2761424245c7b55d8995e71ab019/4c6cf6cf2ef34d7da83d029abe4f3904/1,,,,,,,,,,,,,,,,,,,,,,,,,,,,,,,,,,,,,,,,,,,,,,,,,,,,,,,,,,,,,,,,,,,,,,,,,,,,,,,,,,,,,2.0,,,,,,,,,,,,,,,,,,,,,,,,,,,,,,,,,,,,,,,,,,,,,,,,,,,,,,,,,,,,,,,,,,,,,,,,,,,,,,,,
https://courses.openedu.ru/courses/course-v1:spbstu+PHYLOS+fall_2018/courseware/e7680f87e11641aa96d1d02e875466de/8387b0a0fdcf48d190cf276c71d401c1/4,,,,,,,,,,,,,,,,,,,,,,,,,,,,,,,,,,,,,,,,,,,,,,,,,,,,,,,,,,,,,,,,,,,,,,,,,,,,,,,,,,,,,,,5.0,,,,,,,,,,,,,,,,,,,,,,,,,,,,,,,,,,,,,,,,,,,,,,,,,,,,,,,,,,,,,,,,,,,,,,,,,,,,,,
https://courses.openedu.ru/courses/course-v1:spbstu+PHYLOS+fall_2018/courseware/a1b314bc847145cdbbce7722cf290a46/33f75534cc894cc19e617d50927f2d48/2,,,,,,,,,,,,,,,,,,,,,,,,,,,,,,,,,,,,,,,,,,,,,,,,,,,,,,,,,,,,,,,,,,,,,,,,,,,,,,,,,,,,,,,,3.0,,,,,,,,,,,,,,,,,,,,,,,,,,,,,,,,,,,,,,,,,,,,,,,,,,,,,,,,,,3.0,,,,,,,,,,,,,,,,,,,
https://courses.openedu.ru/courses/course-v1:spbstu+PHYLOS+fall_2018/courseware/df482a76976049cf9c3058a7bdfc7084/2cd8acbb87784969b5f6c4b25c15546f/2,,,,,,,,,,,,,,,,,,,,,,,,,,,,,,,,,,,,,,,,,,,,,,,,,,,,,,,,,,,,,,,,,,,,,,,,,,,,,,,,,,,,,,,,2.0,,,,,,,,,,,,,,,,,,,,,,,,,,,,,,,,,,,,,,,,,,,,,,,,,,,,,,,,,,,,,,,,,,,,,,,,,,,,,
https://courses.openedu.ru/courses/course-v1:spbstu+PHYLOS+fall_2018/courseware/e5303109ad5a4988b17dc0db8e292325/7ca04f9a7d9a4d8da00fce4c0cda8e96/2,,,,,,,,,,,,,,,,,,,,,,,,,,,,,,,,,,,,,,,,,,,,,,,,,,,,,,,,,,,,,,,,,,,,,,,,,,,,,,,,,,,,,,,,2.0,,,,,,,,,,,,,,,,,,,,,,,,,,,,,,,,,,,,,,,,,,,,,,,,,,,,,,,,,,2.0,,,,,,,,,,,,,,,,,,,
https://courses.openedu.ru/courses/course-v1:spbstu+PHYLOS+fall_2018/courseware/88cd2761424245c7b55d8995e71ab019/a74f542e9dcf4f9da341ac1fe6a7f4c6/2,,,,,,,,,,,,,,,,,,,,,,,,,,,,,,,,,,,,,,,,,,,,,,,,,,,,,,,,,,,,,,,,,,,,,,,,,,,,,,,,,,,,,,,,2.0,,,,,,,,,,,,,,,,,,,,,,,,,,,,,,,,,,,,,,,,,,,,,,,,,,,,,,,,,,2.0,,,,,,,,,,,,,,,,,,,
https://courses.openedu.ru/courses/course-v1:spbstu+PHYLOS+fall_2018/courseware/f84f15470d0e4bf0b049a0c9b487d48c/42149561f4564b4cbeb63c885202a5a7/1,,,,,,,,,,,,,,,,,,,,,,,,,,,,,,,,,,,,,,,,,,,,,,,,,,,,,,,,,,,,,,,,,,,,,,,,,,,,,,,,,,,,,,,,,5.0,,,,,,,,,,,,,,,,,,,,,,,,,,,,,,,,,,,,,,,,,,,,,,,,,,,,,,,,,,,,,,,,,,,,,,,,,,,,
https://courses.openedu.ru/courses/course-v1:spbstu+PHYLOS+fall_2018/courseware/203c4f4d74774548a7ae5d14228720cc/7de2c950cbbc4804b186ce8512732f5b/1,,,,,,,,,,,,,,,,,,,,,,,,,,,,,,,,,,,,,,,,,,,,,,,,,,,,,,,,,,,,,,,,,,,,,,,,,,,,,,,,,,,,,,,,,,,,,,3.0,,,,,,,,,,,,,,,,,,,,,,,,,,,,,,,,,,,,,,,,,,,,,,,,,,,,,,,,,,,,,,,,,,,,,,,
https://courses.openedu.ru/courses/course-v1:spbstu+PHYLOS+fall_2018/courseware/df482a76976049cf9c3058a7bdfc7084/a4c4cca8d8094e7c9f836eb335b5bbbf/1,,,,,,,,,,,,,,,,,,,,,,,,,,,,,,,,,,,,,,,,,,,,,,,,,,,,,,,,,,,,,,,,,,,,,,,,,,,,,,,,,,,,,,,,,,,,,,,,,,,,,4.0,,,,,,,,,,,,,,,,,,,,,,,,,,,,,,,,,,,,,,,,,,,,,,,,,,,,,,,,,,,,,,,,
https://courses.openedu.ru/courses/course-v1:spbstu+PHYLOS+fall_2018/courseware/d49f80aa711548e58cf84c8f49340071/50a31805d2794fe8bbcd4a3108e6428f/1,,,,,,,,,,,,,,,,,,,,,,,,,,,,,,,,,,,,,,,,,,,,,,,,,,,,,,,,,,,,,,,,,,,,,,,,,,,,,,,,,,,,,,,,,,,,,,,,,,,,,,,2.0,,,,,,,,,,,,,,,,,,13.0,,,,,,,,,,,,,,,,,,,,,,,,,,,,,,,,,,,,,,,,,,,,
https://courses.openedu.ru/courses/course-v1:spbstu+PHYLOS+fall_2018/courseware/d49f80aa711548e58cf84c8f49340071/03f05523982d412b918cc94c3b3c3be9/2,,,,,,,,,,,,,,,,,,,,,,,,,,,,,,,,,,,,,,,,,,,,,,,,,,,,,,,,,,,,,,,,,,,,,,,,,,,,,,,,,,,,,,,,,,,,,,,,,,,,,,,5.0,,,,,,,,,,,,,,,,,,,,,,,,,,,,,,,,,,,,,,,,,,,,,,,,,,,,,,,,,,,,,,
https://courses.openedu.ru/courses/course-v1:spbstu+PHYLOS+fall_2018/courseware/88cd2761424245c7b55d8995e71ab019/a74f542e9dcf4f9da341ac1fe6a7f4c6/4,,,,,,,,,,,,,,,,,,,,,,,,,,,,,,,,,,,,,,,,,,,,,,,,,,,,,,,,,,,,,,,,,,,,,,,,,,,,,,,,,,,,,,,,,,,,,,,,,,,,,,,1.0,,,,,,,,,,,,,,,,,,,,,,,,,,,,,,,,,,,,,,,,,,,,,,,,,,,,,,,,,,,,,,
https://courses.openedu.ru/courses/course-v1:spbstu+PHYLOS+fall_2018/courseware/d577baef4d604c29a2b52f2e85803b0b/2ecf46b800c94f0c921e2af04c6bcdca/4,,,,,,,,,,,,,,,,,,,,,,,,,,,,,,,,,,,,,,,,,,,,,,,,,,,,,,,,,,,,,,,,,,,,,,,,,,,,,,,,,,,,,,,,,,,,,,,,,,,,,,,1.0,,,,,,,,,,,,,,,,,,,,,,,,,,,,,,,,,,,,,,,,,,,,,,,,,,,,,,,,,,,,,,
https://courses.openedu.ru/courses/course-v1:spbstu+PHYLOS+fall_2018/courseware/b478970daebd4cf99b4787ff9459b76f/42d66ed398ba4af58bb88329f8c59c37/1,,,,,,,,,,,,,,,,,,,,,,,,,,,,,,,,,,,,,,,,,,,,,,,,,,,,,,,,,,,,,,,,,,,,,,,,,,,,,,,,,,,,,,,,,,,,,,,,,,,,,,,,,,,,2.0,,,,,,,,,,,,,3.0,,,,,,,,,,,,,,,,,,,,,,,,,,,,,,,,,,,,3.0,,,,,,,,
https://courses.openedu.ru/courses/course-v1:spbstu+PHYLOS+fall_2018/courseware/a1b314bc847145cdbbce7722cf290a46/9252a737379b469fbe6362263eb368df/1,,,,,,,,,,,,,,,,,,,,,,,,,,,,,,,,,,,,,,,,,,,,,,,,,,,,,,,,,,,,,,,,,,,,,,,,,,,,,,,,,,,,,,,,,,,,,,,,,,,,,,,,,,,,2.0,,,,,,,,,,,,,,,,,,,,,,,,,,,,,,,,,,,,,,,,,,,,,,,,,,,,,,,,,
https://courses.openedu.ru/courses/course-v1:spbstu+PHYLOS+fall_2018/courseware/e5303109ad5a4988b17dc0db8e292325/7ca04f9a7d9a4d8da00fce4c0cda8e96/1,,,,,,,,,,,,,,,,,,,,,,,,,,,,,,,,,,,,,,,,,,,,,,,,,,,,,,,,,,,,,,,,,,,,,,,,,,,,,,,,,,,,,,,,,,,,,,,,,,,,,,,,,,,,,5.0,,,,,,,,,,,,,,,,,,,,,,,,,,,,,,,,,,,,,2.0,,,,,,,,,,,,,,,,,,,
https://courses.openedu.ru/courses/course-v1:spbstu+PHYLOS+fall_2018/courseware/d49f80aa711548e58cf84c8f49340071/6475eabaddda4594966fc208d5c45895/3,,,,,,,,,,,,,,,,,,,,,,,,,,,,,,,,,,,,,,,,,,,,,,,,,,,,,,,,,,,,,,,,,,,,,,,,,,,,,,,,,,,,,,,,,,,,,,,,,,,,,,,,,,,,,3.0,,,,,,,,,,,,,,,,,,,,,,,,,,,,,,,,,,,,,,,,,,,,,,,,,,,,,,,,
https://courses.openedu.ru/courses/course-v1:spbstu+PHYLOS+fall_2018/courseware/e5303109ad5a4988b17dc0db8e292325/db110fe478f0461e85e7ecba2f02293f/2,,,,,,,,,,,,,,,,,,,,,,,,,,,,,,,,,,,,,,,,,,,,,,,,,,,,,,,,,,,,,,,,,,,,,,,,,,,,,,,,,,,,,,,,,,,,,,,,,,,,,,,,,,,,,,,,,1.0,,,,4.0,,,,,,,,,,,,,,,,,,,,,,,,,,,,,,,,,,,,,,,2.0,,,,,,,,,
https://courses.openedu.ru/courses/course-v1:spbstu+PHYLOS+fall_2018/courseware/e5303109ad5a4988b17dc0db8e292325/9d291470cac44b62b9087eb256ac1550/1,,,,,,,,,,,,,,,,,,,,,,,,,,,,,,,,,,,,,,,,,,,,,,,,,,,,,,,,,,,,,,,,,,,,,,,,,,,,,,,,,,,,,,,,,,,,,,,,,,,,,,,,,,,,,,,,,3.0,,,,,,,,,,,,,,,,,,,,,,,,,,,,,,,,,,,,,,,,,,,,,,,,,,,,
https://courses.openedu.ru/courses/course-v1:spbstu+PHYLOS+fall_2018/courseware/a1b314bc847145cdbbce7722cf290a46/33f75534cc894cc19e617d50927f2d48/4,,,,,,,,,,,,,,,,,,,,,,,,,,,,,,,,,,,,,,,,,,,,,,,,,,,,,,,,,,,,,,,,,,,,,,,,,,,,,,,,,,,,,,,,,,,,,,,,,,,,,,,,,,,,,,,,,2.0,,,,,,,,,,,,,,,,,,,,,,,,,,,,,,,,,,,,,,,,,,,,1.0,,,,,,,,
https://courses.openedu.ru/courses/course-v1:spbstu+PHYLOS+fall_2018/courseware/a1b314bc847145cdbbce7722cf290a46/33f75534cc894cc19e617d50927f2d48/1,,,,,,,,,,,,,,,,,,,,,,,,,,,,,,,,,,,,,,,,,,,,,,,,,,,,,,,,,,,,,,,,,,,,,,,,,,,,,,,,,,,,,,,,,,,,,,,,,,,,,,,,,,,,,,,,,,,,4.0,,,,,,,,,,,,,,,,,,,,7.0,,,,,,,,,,7.0,,,,,,,,,,,4.0,,,,,,,,
https://courses.openedu.ru/courses/course-v1:spbstu+PHYLOS+fall_2018/courseware/d49f80aa711548e58cf84c8f49340071/6475eabaddda4594966fc208d5c45895/4,,,,,,,,,,,,,,,,,,,,,,,,,,,,,,,,,,,,,,,,,,,,,,,,,,,,,,,,,,,,,,,,,,,,,,,,,,,,,,,,,,,,,,,,,,,,,,,,,,,,,,,,,,,,,,,,,,,,,1.0,,,,,,,,,,,,,,,,,,,,,,,,,,,,,,,,,,,,,,,,,,,,,,,,
https://courses.openedu.ru/courses/course-v1:spbstu+PHYLOS+fall_2018/courseware/e5303109ad5a4988b17dc0db8e292325/7ca04f9a7d9a4d8da00fce4c0cda8e96/4,,,,,,,,,,,,,,,,,,,,,,,,,,,,,,,,,,,,,,,,,,,,,,,,,,,,,,,,,,,,,,,,,,,,,,,,,,,,,,,,,,,,,,,,,,,,,,,,,,,,,,,,,,,,,,,,,,,,,1.0,,,,,,,,,,,,,,,,,,,,,,,,,,,,,,,,,,,,,,,,,,,,,,,,
https://courses.openedu.ru/courses/course-v1:spbstu+PHYLOS+fall_2018/courseware/df482a76976049cf9c3058a7bdfc7084/f3dd04217e344c53b9b925e9b86c3933/1,,,,,,,,,,,,,,,,,,,,,,,,,,,,,,,,,,,,,,,,,,,,,,,,,,,,,,,,,,,,,,,,,,,,,,,,,,,,,,,,,,,,,,,,,,,,,,,,,,,,,,,,,,,,,,,,,,,,,,,,,8.0,,,,,,,,,,,,,,,,,,,,,,,,,,,,,,,,,,,,,,,,,,,,
https://courses.openedu.ru/courses/course-v1:spbstu+PHYLOS+fall_2018/courseware/f93d7343f26644b790a026a0ab9161c4/87a33def05f7419ebb1d61ceec9d06c3/4,,,,,,,,,,,,,,,,,,,,,,,,,,,,,,,,,,,,,,,,,,,,,,,,,,,,,,,,,,,,,,,,,,,,,,,,,,,,,,,,,,,,,,,,,,,,,,,,,,,,,,,,,,,,,,,,,,,,,,,,,,,,1.0,,,,,,,,,,,,,,,,,,,,,,,,,,,,,,,,,,,,,,,,,
https://courses.openedu.ru/courses/course-v1:spbstu+PHYLOS+fall_2018/courseware/e5303109ad5a4988b17dc0db8e292325/7ca04f9a7d9a4d8da00fce4c0cda8e96/3,,,,,,,,,,,,,,,,,,,,,,,,,,,,,,,,,,,,,,,,,,,,,,,,,,,,,,,,,,,,,,,,,,,,,,,,,,,,,,,,,,,,,,,,,,,,,,,,,,,,,,,,,,,,,,,,,,,,,,,,,,,,,,,,,,,,,,,,,,,,,,,,,,6.0,,,,,,,,,,,,,,,,,,,
https://courses.openedu.ru/courses/course-v1:spbstu+PHYLOS+fall_2018/courseware/88cd2761424245c7b55d8995e71ab019/a74f542e9dcf4f9da341ac1fe6a7f4c6/1,,,,,,,,,,,,,,,,,,,,,,,,,,,,,,,,,,,,,,,,,,,,,,,,,,,,,,,,,,,,,,,,,,,,,,,,,,,,,,,,,,,,,,,,,,,,,,,,,,,,,,,,,,,,,,,,,,,,,,,,,,,,,,,,,,,,,,,,,,,,,,,,,,2.0,,,,,,,,,,4.0,,,,,,,,,
https://courses.openedu.ru/courses/course-v1:spbstu+PHYLOS+fall_2018/courseware/88cd2761424245c7b55d8995e71ab019/a74f542e9dcf4f9da341ac1fe6a7f4c6/3,,,,,,,,,,,,,,,,,,,,,,,,,,,,,,,,,,,,,,,,,,,,,,,,,,,,,,,,,,,,,,,,,,,,,,,,,,,,,,,,,,,,,,,,,,,,,,,,,,,,,,,,,,,,,,,,,,,,,,,,,,,,,,,,,,,,,,,,,,,,,,,,,,3.0,,,,,,,,,,,,,,,,,,,
https://courses.openedu.ru/courses/course-v1:spbstu+PHYLOS+fall_2018/courseware/b478970daebd4cf99b4787ff9459b76f/1cab2398d18b434489c21eea86b14f68/1,,,,,,,,,,,,,,,,,,,,,,,,,,,,,,,,,,,,,,,,,,,,,,,,,,,,,,,,,,,,,,,,,,,,,,,,,,,,,,,,,,,,,,,,,,,,,,,,,,,,,,,,,,,,,,,,,,,,,,,,,,,,,,,,,,,,,,,,,,,,,,,,,,,,,,4.0,,,,,,,,,,,,,,,
https://courses.openedu.ru/courses/course-v1:spbstu+PHYLOS+fall_2018/courseware/a1b314bc847145cdbbce7722cf290a46/33f75534cc894cc19e617d50927f2d48/3,,,,,,,,,,,,,,,,,,,,,,,,,,,,,,,,,,,,,,,,,,,,,,,,,,,,,,,,,,,,,,,,,,,,,,,,,,,,,,,,,,,,,,,,,,,,,,,,,,,,,,,,,,,,,,,,,,,,,,,,,,,,,,,,,,,,,,,,,,,,,,,,,,,,,,,,,,,,,3.0,,,,,,,,
